Cuisine,Coordinates
Japanese; Barbeque,"(43.4741482589218, -79.7349969754881)"
Vegetarian; Indian,"(43.6588529285714, -79.3493249857143)"
Seafood; Pizza; Italian,"(43.8452512623755, -79.5570956086677)"
Thai,"(43.64784105, -79.3887814554641)"
Mexican,"(43.6544047, -79.4004185)"
Japanese; Pubs,"(43.660404, -79.3789396)"
Vietnamese; Sandwiches,"(43.6487442, -79.3969443)"
Canadian (New),"(43.6513837, -79.3789722)"
Mediterranean; Middle Eastern,"(43.8584932, -81.2491229)"
Desserts; Ice Cream & Frozen Yogurt,"(43.646239, -79.4194056)"
Thai,"(43.6463913, -79.3936588)"
Ramen,"(43.6564433, -79.4068731)"
Pizza; Salad; Fast Food,"(43.6565847, -79.3805395)"
Canadian (New); Turkish,"(43.6512113, -79.4751539)"
Burgers,"(43.8291978, -79.5390965)"
Indian,"(43.7723315573085, -79.1855623997777)"
Seafood; Comfort Food; Breakfast & Brunch,"(43.651510125, -79.3738285)"
Coffee & Tea,"(41.99713114, -82.83242752)"
American (Traditional); Barbeque; Burgers,"(43.6814516647059, -79.4263322529412)"
Breakfast & Brunch; Canadian (New),"(43.64007975, -79.4198230498866)"
Aquariums,"(43.6424219, -79.3861229074419)"
French; Bars,"(43.6818722, -79.4002222)"
Japanese; Sushi Bars,"(43.6497905, -79.3882051)"
Asian Fusion,"(44.7052203, -75.5211648)"
Japanese; Asian Fusion,"(43.6598858, -79.3788947)"
Ramen; Noodles,"(43.656206, -79.378092)"
Kebab; Mediterranean; Halal,"(43.64576705, -79.4485819997892)"
Italian; Pizza; Seafood,"(43.8452512623755, -79.5570956086677)"
Barbeque; Japanese; Steakhouses,"(43.6671324, -79.4006315)"
Mediterranean; Kebab; Halal,"(43.64576705, -79.4485819997892)"
Breakfast & Brunch; Juice Bars & Smoothies,"(43.6537966, -79.3824316857722)"
Bars; French,"(43.6485014, -79.3959394)"
Fish & Chips; Chicken Wings; Sandwiches,"(43.6538317842105, -79.4015703)"
Filipino,"(43.6711127, -79.3748501)"
Chinese; Noodles,"(43.656617, -79.3837293)"
Landmarks & Historical Buildings; Observatories,"(43.6425637, -79.3870871832047)"
Spanish; Tapas Bars,"(43.6546689666667, -79.4207139666667)"
Japanese; Tapas/Small Plates; Pubs,"(43.6651083, -79.410606)"
Mexican,"(44.5775179, -75.7026455)"
Vietnamese; Asian Fusion,"(43.659165, -79.382002)"
Kebab; Halal; Mediterranean,"(43.64576705, -79.4485819997892)"
Dim Sum; Dumplings,"(43.6526555, -79.3983748)"
Sandwiches; Soup,"(43.6476139, -79.3919228)"
Sandwiches,"(45.452002, -75.6764956880531)"
Barbeque,"(43.7123593846154, -79.3535780076923)"
Sandwiches; Middle Eastern; Coffee & Tea,"(43.6524912, -79.3725733)"
Sushi Bars; Japanese,"(43.6480668, -79.4003043)"
Bistros; Beer Bar,"(43.6494252, -79.3772438)"
Pizza,"(43.6628959, -79.33242068)"
Lounges; Cocktail Bars,"(43.648094, -79.4001545)"
Breakfast & Brunch; Bakeries; Comfort Food,"(43.6808686, -79.4304237)"
Turkish; Canadian (New),"(43.6512113, -79.4751539)"
Japanese; Barbeque; Steakhouses,"(43.6671324, -79.4006315)"
Pizza; Seafood; Italian,"(43.8452512623755, -79.5570956086677)"
Chocolatiers & Shops; Ice Cream & Frozen Yogurt; Desserts,"(43.6451865, -79.3957149)"
Ramen,"(43.7387473734912, -79.4021122460006)"
Steakhouses; Bars; Seafood,"(43.66681385, -79.3778821002627)"
Art Museums,"(43.65357425, -79.392764725972)"
Tea Rooms; Ice Cream & Frozen Yogurt; Desserts,"(42.9835604285714, -81.2499425952381)"
Himalayan/Nepalese,"(43.6401047, -79.4396675)"
Polish,"(43.6451197, -79.4484135)"
Canadian (New); Breakfast & Brunch,"(43.6440878, -79.405647)"
Filipino,"(43.682215125, -79.42377215)"
Museums,"(43.66766165, -79.3946979735188)"
Barbeque; Japanese,"(43.4741482589218, -79.7349969754881)"
Indian,"(43.6446533, -79.3910439)"
Ramen,"(43.6502747, -79.3887654)"
Sushi Bars,"(43.6550998, -79.3852107)"
Sushi Bars,"(43.9580978, -78.9568605)"
Desserts; Macarons; Patisserie/Cake Shop,"(43.6458348, -79.4114303)"
French; Bistros; Diners,"(43.6485014, -79.3959394)"
French; Coffee & Tea; Breakfast & Brunch,"(43.643826, -79.3968131)"
Peruvian,"(43.64365, -79.39688475)"
Thai,"(43.6577036, -79.3816976)"
Sushi Bars; Japanese,"(43.6483865, -79.3883322)"
Vegan; Vegetarian; Gluten-Free,"(43.6554098, -79.4026596)"
Pizza; Italian; Seafood,"(43.8452512623755, -79.5570956086677)"
Halal; Kebab; Mediterranean,"(43.64576705, -79.4485819997892)"
Bars; Mexican,"(43.6417457, -79.431558)"
Laotian; Thai; Bars,"(43.6704347, -79.3847045)"
Canadian (New); Sandwiches; Breakfast & Brunch,"(46.3814497, -81.3423834)"
Hawaiian; Poke,"(43.5502560181818, -80.2389571090909)"
Desserts; Bakeries; Ice Cream & Frozen Yogurt,"(43.6657132, -79.4091432)"
Spanish; Tapas/Small Plates; Cocktail Bars,"(43.655877, -79.4099236)"
Chicken Shop; Comfort Food; Sandwiches,"(43.6495673, -79.3655213)"
Barbeque; Smokehouse,"(43.647964, -79.4495224)"
Canadian (New),"(43.6591474, -79.3491056)"
Cocktail Bars; Modern European; Canadian (New),"(43.6429884, -79.4254178)"
Barbeque; Steakhouses; Japanese,"(43.6671324, -79.4006315)"
Barbeque; Bars; American (Traditional),"(44.6056469, -79.4110293)"
Latin American; Nicaraguan,"(43.6622618, -79.4250007)"
Italian,"(43.6747648, -79.457764)"
Bars; Cafes,"(43.6648266, -79.4132196)"
Mexican,"(43.6559114, -79.4097488)"
Thai; Noodles,"(43.6584049117647, -79.3657763705882)"
Steakhouses; Bars; Seafood,"(43.6499749, -79.3840004553683)"
Tapas/Small Plates; Pizza; Cocktail Bars,"(43.6702374, -79.3894598)"
Canadian (New); Cafes,"(43.6540972052632, -79.4016762)"
Mexican,"(43.6484573, -79.3880401)"
Steakhouses; Japanese; Barbeque,"(43.6671324, -79.4006315)"
Ramen,"(43.6469498, -79.4046481)"
Ramen; Noodles,"(43.6494704, -79.3863338)"
Japanese; Asian Fusion,"(43.6496197, -79.4230815)"
Ramen,"(43.6768992857143, -79.3590668571428)"
Japanese; Mexican; Sushi Bars,"(43.647336, -79.3932435)"
Chinese,"(43.6538024923077, -79.3980690076923)"
Coffee & Tea; Sandwiches; Desserts,"(43.7803226, -79.4211651)"
Burgers,"(43.648434, -79.397321)"
Coffee & Tea; Coffee Roasteries,"(43.6542053, -79.4001807)"
Coffee & Tea; Desserts,"(43.6513409, -79.3970085)"
Korean,"(43.6638316, -79.4166442)"
Japanese; Steakhouses; Barbeque,"(43.6671324, -79.4006315)"
Breakfast & Brunch; Comfort Food,"(43.6642046, -79.4149866)"
Coffee & Tea; Vietnamese,"(43.6646207, -79.4130493)"
Persian/Iranian,"(43.6525565, -79.4331149)"
Food Court,"(43.65034915, -79.3838532685437)"
Pizza; Italian,"(46.5085856, -80.9360197954497)"
Chinese; Dumplings; Soup,"(43.0048963333333, -81.266228)"
Italian; Pizza; Salad,"(43.6412061, -79.4189714)"
French; Desserts; Bars,"(43.647918, -79.4009864)"
Ice Cream & Frozen Yogurt; Desserts,"(43.670822631579, -79.392261368421)"
Cuban; Desserts; Sandwiches,"(43.6461793, -79.4196986)"
Bars; Italian; Breakfast & Brunch,"(43.6439014, -79.3994795)"
Salad; Poke,"(43.6506875, -79.3766921)"
Canadian (New),"(43.8713875, -78.9810891)"
Caribbean,"(43.645313, -79.40058175)"
Seafood,"(43.674841, -79.396462)"
Italian; Sandwiches; Cocktail Bars,"(43.6583005, -79.442251)"
Bakeries; Cafes; Breakfast & Brunch,"(43.6629196, -79.4034116)"
Korean,"(43.6645599, -79.4143924)"
"Wine Bars; Italian; Beer, Wine & Spirits","(43.6590065, -79.3833435)"
Coffee & Tea; Tea Rooms,"(43.6418778, -79.428659)"
French; Wine Bars; Cocktail Bars,"(43.650592, -79.357805)"
Thai; Noodles,"(44.2265025, -76.4836176193182)"
French,"(43.6703935, -79.3910859)"
Barbeque,"(43.645709, -79.4107337)"
Korean,"(43.6555192857143, -79.3987717142857)"
Vegan,"(43.6605582, -79.4325718)"
Sushi Bars; Japanese,"(43.65034915, -79.3838532685437)"
Indian,"(43.6631513, -79.4219757)"
Pizza; Vegan; Ice Cream & Frozen Yogurt,"(43.663385, -79.4186318)"
Italian; Pizza; Salad,"(43.671056, -79.391152)"
Vegan; Vegetarian,"(43.6492662, -79.4224251)"
Coffee & Tea,"(43.6536223, -79.3618997)"
Korean; Dive Bars; Asian Fusion,"(45.389774, -75.6860639097035)"
Japanese,"(43.668133, -79.387207)"
Coffee & Tea; Cafes; Breakfast & Brunch,"(43.6502956, -79.3886641)"
Breakfast & Brunch,"(43.6535663631579, -79.4014644)"
Thai; Noodles,"(43.6548747818182, -79.4160299545455)"
Breweries; Gastropubs; Pizza,"(43.6655235, -79.4653909)"
Korean,"(43.7447731267604, -79.2967156902795)"
Barbeque,"(43.7292649, -79.4030957)"
German; Sandwiches,"(43.6541702, -79.3702551055818)"
Breakfast & Brunch; Diners,"(43.6587077857143, -79.3511885285714)"
Museums,"(43.6781015, -79.409415775)"
Latin American; Fast Food; Comfort Food,"(43.6626507341505, -79.3340359514569)"
Japanese,"(43.6653513, -79.4107716)"
Burgers,"(43.66674420625, -79.3154068625)"
Canadian (New); Cocktail Bars,"(43.648113, -79.3844605467909)"
Steakhouses,"(45.4108287, -75.7118807844497)"
Ice Cream & Frozen Yogurt; Desserts,"(43.6656355608696, -79.3511275652174)"
Pizza; Italian; Salad,"(43.6553551, -79.3993092)"
Indian; Vegetarian,"(43.6588529285714, -79.3493249857143)"
Italian,"(43.6743445, -79.3965625)"
Desserts; Coffee & Tea,"(43.6550731, -79.3996887)"
Korean,"(43.6646289, -79.4140629)"
Thai,"(43.6485802, -79.374533)"
Mexican,"(44.3587588, -79.6515922)"
Coffee & Tea,"(43.6556486, -79.3847106)"
French; Wine Bars,"(43.6458181, -79.4196165333333)"
Lounges; Canadian (New); Breakfast & Brunch,"(43.6487681, -79.3816917928303)"
Creperies; Breakfast & Brunch; Coffee & Tea,"(43.650049, -79.3908298)"
Food Stands; Salad,"(43.6704731, -79.3872520313426)"
Chinese; Noodles; Ramen,"(43.6523099, -79.3975102666667)"
Seafood; Seafood Markets,"(43.6653617, -79.4613256)"
Parks,"(43.6612369, -79.3749689)"
Desserts; Ice Cream & Frozen Yogurt; Coffee & Tea,"(43.647722, -79.390355)"
Greek; Sandwiches,"(43.6777008380952, -79.3504806904762)"
Burgers; Gastropubs,"(43.6635747, -79.3705879)"
Chocolatiers & Shops; Ice Cream & Frozen Yogurt; Desserts,"(43.6507062, -79.3582501)"
Canadian (New); Comfort Food,"(43.67352875, -79.4119694021726)"
Caribbean; Vegan; Gluten-Free,"(43.6550731, -79.3996887)"
Ramen; Noodles,"(43.655826, -79.393899)"
Mediterranean; Halal; Kebab,"(43.64576705, -79.4485819997892)"
Steakhouses; Barbeque; Japanese,"(43.6671324, -79.4006315)"
Vegetarian; Canadian (New); Comfort Food,"(43.6558225, -79.409965)"
Pizza; Italian,"(43.6484289, -79.3849689)"
Himalayan/Nepalese,"(43.6401151, -79.4358526)"
Vegan; Salad; Soup,"(43.6669789, -79.4035075805844)"
Ice Cream & Frozen Yogurt,"(43.6459601, -79.4095532)"
Thai; Noodles; Seafood,"(43.6650423051355, -79.3808010082156)"
Coffee & Tea; Breakfast & Brunch; Cafes,"(45.4011646, -75.7191214079858)"
Bakeries; Coffee & Tea,"(43.6442255, -79.4005946)"
Mexican; Latin American,"(43.6637644, -79.4169172)"
Thai,"(43.655896, -79.393572)"
Creperies,"(43.7053053, -79.5211434)"
Coffee & Tea; Breakfast & Brunch,"(43.647385, -79.4025209)"
Japanese; Noodles,"(43.6482298, -79.399458)"
Chicken Shop; Waffles; Burgers,"(43.654681, -79.400533)"
German,"(43.6434164, -79.4221509)"
French,"(43.6500058965517, -79.4351527344828)"
Live/Raw Food; Organic Stores; Juice Bars & Smoothies,"(43.6750874, -79.4066649846154)"
Japanese,"(43.711349, -79.3640872)"
Sushi Bars; Salad; Poke,"(43.654812, -79.387417)"
Middle Eastern,"(43.6666435, -79.4045998)"
Italian,"(43.650288, -79.376114)"
Pubs; Scottish; Whiskey Bars,"(43.6543297, -79.4235661)"
Sandwiches,"(43.6525588, -79.4122695)"
French,"(45.40141345, -75.7187636454039)"
Bars; American (Traditional),"(43.6825316272727, -79.3280575681818)"
Indian,"(43.68110358, -79.42922462)"
Desserts; Bakeries; Macarons,"(43.6483225, -79.3977267)"
Seafood,"(43.6452158, -79.414344)"
Coffee & Tea,"(43.6449583, -79.4001307)"
Pubs; Canadian (New),"(43.6652742, -79.4650412666667)"
Breakfast & Brunch; Belgian,"(43.6515781, -79.3706106)"
Chinese,"(44.0949184, -77.5971302)"
Middle Eastern; Vegan; Vegetarian,"(43.7009905, -79.3969366)"
Ramen; Noodles,"(43.66036925, -79.3790273529697)"
Coffee & Tea,"(43.6545774, -79.4012591)"
Parks; Beaches,"(43.6230544, -79.3943156372104)"
Japanese; French,"(43.6604664, -79.4319865)"
Coffee & Tea; Organic Stores; Juice Bars & Smoothies,"(43.6645001, -79.3803135)"
Coffee & Tea,"(43.6584773, -79.3855605)"
Ice Cream & Frozen Yogurt,"(46.2867334, -81.7623005)"
Thai,"(43.647561, -79.392088)"
Bakeries; Mediterranean,"(43.6780272684211, -79.3488040473684)"
Coffee & Tea; Cocktail Bars,"(43.6570599, -79.4055527)"
Canadian (New),"(43.6491799, -79.3862715226176)"
Sports Bars; Breakfast & Brunch,"(43.6385977, -79.4180586)"
Sandwiches; Seafood,"(43.6549318, -79.4163175)"
Middle Eastern,"(43.6597782, -79.3463671)"
Italian; Pizza,"(43.6522452, -79.3664233)"
Korean,"(43.658601, -79.385282)"
Italian,"(43.6652814, -79.4655765266667)"
Coffee & Tea,"(43.6456708, -79.3954245503329)"
Sports Bars; Gastropubs; Canadian (New),"(43.6451506, -79.3838917)"
Cafes; Caterers,"(43.6665184, -79.3809081949956)"
Brazilian; Steakhouses,"(43.707784, -79.394165)"
Halal; Pakistani,"(43.6714936, -79.3248109)"
Indian; Buffets,"(43.650225, -79.388925)"
Burgers; Fast Food; Sandwiches,"(43.6550104, -79.4144004)"
Chinese,"(43.657053, -79.3994037)"
Japanese; Barbeque; Asian Fusion,"(43.6516199, -79.3749039)"
Japanese,"(43.66994, -79.384202)"
Mexican; Latin American,"(43.8281075444444, -79.5473875877778)"
Fast Food; Sandwiches,"(43.6788801, -79.3444628)"
Salad,"(43.2273355, -79.8794596)"
Caribbean,"(46.50961435, -80.9352327388633)"
Cafes; Desserts; French,"(43.6721033, -79.3893669392905)"
Thai; Asian Fusion,"(43.6819742090909, -79.3307428363636)"
Japanese; Korean; Asian Fusion,"(43.6455903548387, -79.3922609677419)"
Wine Bars; Canadian (New),"(43.6537875473684, -79.40155265)"
Bars,"(43.6507051, -79.4132676)"
Mexican,"(43.645773, -79.400835)"
Coffee & Tea; Bakeries; Desserts,"(43.712057, -79.3992769)"
Wine Bars; Coffee & Tea,"(43.681631, -79.391657)"
Cocktail Bars,"(43.6501179, -79.3810438)"
Canadian (New); Gluten-Free; Vegetarian,"(43.6485714, -79.3701379)"
Italian; Tapas/Small Plates,"(43.6633268, -79.3304373)"
Breweries; Music Venues; Canadian (New),"(43.6484394, -79.3734464)"
Indian; Himalayan/Nepalese,"(43.6402668, -79.4388957)"
Barbeque; Desserts; Sandwiches,"(43.6770652444444, -79.7478156111111)"
Sports Bars; Canadian (New),"(43.6424403, -79.3806144)"
Breakfast & Brunch,"(43.6570434, -79.4067779)"
Syrian; Middle Eastern; Arabian,"(43.702681, -79.397096)"
Ramen; Noodles; Soup,"(43.664782, -79.385776)"
Portuguese; Spanish,"(43.6573005, -79.3835731)"
Himalayan/Nepalese; Cafes,"(43.640388, -79.4372262)"
Vegetarian; Chinese; Vegan,"(43.6519309, -79.4035047)"
Diners; Delis; Sandwiches,"(43.2210363, -79.8490249333333)"
Salad; Juice Bars & Smoothies; Acai Bowls,"(43.6476216, -79.3918799)"
Pizza,"(43.6513409, -79.3970085)"
Breakfast & Brunch; Waffles; Belgian,"(43.65470702, -79.4019225)"
Coffee & Tea; Specialty Food,"(43.6497077, -79.4292366)"
Coffee & Tea; Venues & Event Spaces; Coffee Roasteries,"(43.6497558, -79.3591233)"
Chinese; Asian Fusion; Caribbean,"(43.6519848, -79.4081894)"
Coffee & Tea; Bakeries,"(43.6968529304348, -79.329309073913)"
Himalayan/Nepalese,"(43.6774003, -79.3514655)"
Italian; Breakfast & Brunch; Bars,"(43.6685152, -79.386693)"
Ice Cream & Frozen Yogurt; Coffee & Tea; Patisserie/Cake Shop,"(43.6600927, -79.4173757)"
Asian Fusion; Thai,"(43.6504059, -79.3891298)"
Greek; Mediterranean,"(45.39006725, -75.6854038748072)"
Mexican,"(43.6531440412509, -79.4065457169265)"
Mediterranean; Italian; Breakfast & Brunch,"(43.648449, -79.393414)"
Japanese,"(43.6798023, -79.3396832)"
Greek; Mediterranean,"(43.67810635, -79.3502382692308)"
Sandwiches,"(43.2610678, -79.884608)"
Coffee & Tea; Bakeries,"(43.6506783, -79.3691506)"
Seafood; Italian; Pizza,"(43.8452512623755, -79.5570956086677)"
Indian,"(43.6408104533333, -79.43629654)"
Pubs; German,"(43.6480949, -79.3901482)"
Italian; Pizza,"(45.40141345, -75.7187636454039)"
Burgers; American (Traditional); Beer Bar,"(43.6590065, -79.3833435)"
Breakfast & Brunch; Coffee & Tea,"(44.0205775, -77.7171112)"
Middle Eastern,"(43.6738788, -79.4117405417354)"
Pizza,"(43.6504006, -79.3980621)"
Chinese; Noodles; Fast Food,"(46.5331425, -84.3840401)"
Coffee & Tea,"(43.6506474, -79.396862)"
Pizza; Italian,"(43.6540786, -79.4132959)"
Italian; Seafood; Venues & Event Spaces,"(43.7101795483871, -79.3989329967742)"
Italian; Pizza,"(43.6462666, -79.4091549)"
Bars; American (Traditional),"(43.6588742, -79.3504058)"
Tiki Bars,"(43.6487476, -79.3963638)"
Coffee & Tea,"(43.66835, -79.382588)"
Bakeries; Desserts; Coffee & Tea,"(43.6562415, -79.4025734)"
Canadian (New); Wine Bars,"(43.6460701, -79.4101121)"
Specialty Food; Asian Fusion; Japanese,"(43.6006487, -79.6104486)"
Cafes,"(43.9526137, -78.302606)"
Vietnamese; Asian Fusion,"(43.7091373, -79.3986676)"
Tapas/Small Plates; Music Venues; Cocktail Bars,"(45.389128, -75.687639128253)"
Middle Eastern; Persian/Iranian,"(43.6567907, -79.4069206)"
Dim Sum,"(43.6546682, -79.3860966143021)"
Italian; Bars; Venues & Event Spaces,"(43.6488188, -79.3736883)"
Public Art,"(43.648104, -79.3988605)"
Pizza; Italian,"(43.6540595, -79.4019561)"
Ice Cream & Frozen Yogurt,"(43.6663836, -79.4040021)"
Sushi Bars; Korean; Japanese,"(43.659191, -79.3824692)"
Italian; Pizza,"(43.6636118, -79.3994882)"
Asian Fusion; Tapas Bars,"(43.6486209, -79.4203243)"
Coffee & Tea,"(43.6569851, -79.381012)"
Seafood,"(43.649213, -79.371735)"
Breakfast & Brunch; Comfort Food,"(43.6656161, -79.4719662)"
Breakfast & Brunch; Diners,"(43.6443841, -79.4184061)"
Cafes; Coffee & Tea,"(43.6483733, -79.3791523)"
Italian; Mediterranean,"(43.6463518, -79.3901402)"
Bakeries; Desserts,"(43.6710149, -79.3879678)"
Breakfast & Brunch,"(43.6415411, -79.3833149)"
Coffee & Tea; Sandwiches,"(43.6517827, -79.3653704)"
Italian; Bakeries; Sandwiches,"(43.6462928, -79.4090188)"
Tex-Mex; Burgers,"(43.6554176, -79.4134955)"
Street Vendors; Japanese,"(43.6517943, -79.4048971)"
Dim Sum; Asian Fusion,"(43.6473875, -79.3866475)"
Burgers; Sandwiches; Fast Food,"(43.6553057, -79.4026124)"
Chicken Shop; Southern,"(43.6652698, -79.4642439)"
Bars,"(43.6495092428571, -79.4311383428572)"
Burgers,"(43.6875909, -79.3941071)"
Middle Eastern; Salad; Soup,"(43.6536182, -79.3542344)"
Thai; Cambodian,"(43.679296, -79.4377691)"
Canadian (New); Lounges,"(43.7256596, -79.452229187644)"
Vietnamese,"(43.6557231966842, -79.413821129182)"
Parks,"(43.6463211, -79.4149311517555)"
Breakfast & Brunch; French,"(43.6690047, -79.3064618)"
Coffee & Tea; Cafes,"(43.6612327, -79.3384847)"
Sandwiches; Bakeries,"(43.649213, -79.371735)"
Canadian (New); Lounges,"(43.6467198, -79.3905334)"
Cocktail Bars; Comfort Food,"(43.659131, -79.3480803)"
Bagels,"(43.6554432, -79.40257)"
Seafood; Steakhouses; Cocktail Bars,"(43.6455702, -79.3859319)"
French; Seafood; Bistros,"(43.6490277, -79.4204846)"
Ice Cream & Frozen Yogurt; Desserts; Coffee & Tea,"(43.655055, -79.4175587)"
American (Traditional),"(43.668579, -79.395899)"
Japanese; Tapas Bars; Sushi Bars,"(43.6418468, -79.4310779)"
Caribbean; Salad; Cocktail Bars,"(43.6509573, -79.4131854)"
Italian; Pizza,"(43.6551467, -79.4134866)"
Steakhouses; Italian; Seafood,"(43.648505, -79.386687)"
Japanese,"(43.0394489, -80.8828377)"
Caterers; Bakeries; Desserts,"(43.6620741076923, -79.3348892846154)"
Dim Sum,"(43.6659781, -79.3875905)"
Dim Sum,"(44.1473008, -77.4081884)"
Pubs; Irish,"(43.6639293, -79.3689731)"
Pizza; Cocktail Bars,"(43.6435241, -79.4227423)"
Bars,"(43.6492386, -79.421082)"
Mexican,"(43.6645727333333, -79.3255695)"
Wine Bars; Italian,"(43.645138, -79.3973632)"
Fast Food; Poutineries,"(43.648518, -79.3877431)"
Diners; Breakfast & Brunch; American (Traditional),"(43.6613378, -79.3840301)"
Thai; Noodles,"(43.656276, -79.39966675)"
Food Delivery Services; Indian,"(43.671088, -79.3909925)"
Coffee & Tea,"(43.646986, -79.4005755)"
Coffee & Tea,"(43.6511922857143, -79.3752992857143)"
Arcades; Bars,"(43.6517699166667, -79.4092651833333)"
Vietnamese,"(43.654436, -79.398953)"
Mediterranean; Moroccan; Middle Eastern,"(43.6490818, -79.4205073)"
Cafes; Cocktail Bars,"(43.6039517412601, -79.6066578712961)"
Vegan; Vegetarian,"(43.6416536, -79.432112)"
Dim Sum; Seafood; Noodles,"(43.6384591, -79.3801324)"
Ice Cream & Frozen Yogurt,"(43.264206, -79.95369)"
Coffee & Tea; Turkish; Internet Cafes,"(43.707874, -79.3931884)"
Steakhouses; Seafood; Lounges,"(43.64993865, -79.3853803728614)"
Italian,"(43.6695014, -79.3973053)"
Cocktail Bars,"(43.6557298, -79.3843629)"
Canadian (New),"(43.6689007, -79.3826490992657)"
Diners; Canadian (New),"(43.64955685, -79.4203200964309)"
Fast Food; Poutineries,"(43.6434254, -79.4231939)"
Indian,"(43.6631513, -79.4219757)"
Coffee & Tea,"(43.707044, -79.396175)"
Burgers; Breakfast & Brunch; Bars,"(48.437734, -89.2312358)"
Spanish,"(43.6449167, -79.4158356)"
Coffee & Tea,"(43.66267885, -79.3336490710893)"
Delicatessen; Sandwiches,"(43.6653593, -79.4706369)"
Ice Cream & Frozen Yogurt,"(43.6820431, -79.4188975)"
Coffee & Tea,"(43.648113, -79.3844605467909)"
Steakhouses; Bars,"(44.21935025, -76.5134725827835)"
Italian; Venues & Event Spaces,"(43.670032, -79.392816)"
Vietnamese,"(43.7305496217391, -79.4665317)"
Indian,"(43.648552, -79.3720365)"
Tapas Bars,"(43.6487145, -79.3721364)"
Gastropubs,"(43.6705986, -79.3929564300385)"
Japanese; Sushi Bars; Asian Fusion,"(43.6485699, -79.397782)"
Landmarks & Historical Buildings,"(43.6536032, -79.3840054746967)"
Coffee & Tea; Coffee Roasteries; Cafes,"(46.28691031276, -81.7605877215347)"
Dinner Theater; American (Traditional),"(43.8682676, -79.867843)"
Italian; Lounges,"(43.6715676, -79.3884266)"
French,"(43.6712928, -79.3920088)"
Pizza; Turkish,"(43.6797272157895, -79.3415910736842)"
Mexican,"(42.9985193, -81.2596977)"
Chicken Wings; Taiwanese; Fast Food,"(43.6588562, -79.3821679)"
Sushi Bars; Japanese,"(43.66561, -79.387169)"
Sandwiches; Pubs,"(43.66291795, -79.367603875)"
Japanese; Fast Food,"(43.654999, -79.386381)"
Ramen,"(43.648699, -79.397211)"
Japanese; Bars,"(43.666753, -79.385455)"
Sushi Bars; Asian Fusion; Poke,"(43.7075548, -79.3983193)"
Japanese,"(43.264549, -79.9516669)"
Vegetarian; Vegan; Gluten-Free,"(43.2573701, -79.8701871441768)"
Bars; Asian Fusion,"(43.67243925, -79.32075005)"
Steakhouses; Bars; Seafood,"(43.6466575, -79.3749662)"
Japanese; Seafood,"(43.650853, -79.376001)"
Mexican,"(43.6547204, -79.4022615444444)"
Italian; Seafood; Pizza,"(43.8452512623755, -79.5570956086677)"
Italian; Pizza,"(43.6693760153846, -79.4130696038462)"
Desserts; Patisserie/Cake Shop; Bakeries,"(43.7114634, -79.3991804)"
Burgers,"(43.7326128, -79.4038844)"
Persian/Iranian,"(44.1756661, -77.3953268)"
Canadian (New); Cocktail Bars,"(43.6453893, -79.3961396)"
Caribbean; Vegetarian,"(43.6666987, -79.4120339)"
Japanese; Sushi Bars; Tapas Bars,"(43.7047805538461, -79.4069715076923)"
Ramen,"(43.6617704, -79.3791012)"
Asian Fusion; Sushi Bars,"(43.6485093, -79.4206039)"
Mexican,"(43.6430943, -79.4476225)"
Desserts; Patisserie/Cake Shop,"(43.654927, -79.386802)"
Cheesesteaks; Sandwiches,"(43.6490620526316, -79.3915015789474)"
Mediterranean; Middle Eastern; Halal,"(43.664782, -79.385776)"
Coffee & Tea; Sandwiches; Bakeries,"(43.4555829, -80.5090028703017)"
Mexican,"(43.6502871, -79.3887141)"
Caribbean,"(43.6566613846154, -79.3992273846154)"
Bakeries; Delis,"(45.38959455, -75.6865006713083)"
Gluten-Free; Vegetarian; Vegan,"(45.4015413, -75.7193390404712)"
Steakhouses,"(43.6691956, -79.3946177)"
Bakeries; Italian; Delicatessen,"(43.676532, -79.4486337)"
Chinese,"(43.6739865, -79.470624)"
Italian,"(43.6517986, -79.4077909823529)"
Coffee & Tea; Bakeries,"(43.6481395, -79.3897951)"
Coffee & Tea,"(43.6437266, -79.4217317)"
Vegan; Salad; Juice Bars & Smoothies,"(43.7073671, -79.3960657)"
Korean,"(43.6641492, -79.4151744)"
Asian Fusion; Chinese,"(43.6515083, -79.3971185)"
Afghan; Kebab,"(43.669092, -79.386166)"
Breakfast & Brunch; Canadian (New); Bars,"(42.9989753, -79.3623008)"
Bubble Tea,"(43.7387624865723, -79.4020904615362)"
Ramen; Desserts,"(43.6501898, -79.3891371)"
Chinese; Noodles,"(43.6504392, -79.3890162)"
Ramen,"(43.6392301551456, -79.3981945345631)"
Breakfast & Brunch; Chocolatiers & Shops,"(43.6501713, -79.3606229)"
Desserts; Bakeries; Ice Cream & Frozen Yogurt,"(43.6463684, -79.3946189)"
Bakeries,"(43.6584838, -79.488056)"
Hotels; Lounges,"(43.64276815, -79.4269251064553)"
Breakfast & Brunch,"(43.70534519, -79.37521302)"
Barbeque; American (Traditional); Sandwiches,"(43.6522566, -79.3978725)"
Thai,"(43.6523701, -79.3752239)"
Italian,"(43.64498685, -79.3858647904376)"
Middle Eastern; Mediterranean,"(43.705575125, -79.375302)"
Barbeque,"(43.6455733, -79.3523147)"
Korean; Barbeque,"(43.6658803, -79.4067052)"
Pizza; Italian,"(43.2610678, -79.884608)"
Karaoke; Bars,"(43.6582949, -79.3819746)"
Hawaiian; Seafood; Poke,"(43.7384961141496, -79.4024744792377)"
Mexican; Fast Food,"(44.3701519, -79.6688501)"
Bakeries; Cafes; Vegan,"(43.6620144, -79.4249426)"
Macarons; Desserts; Bakeries,"(43.6546609, -79.4016917666667)"
Indonesian; Bars,"(43.701527, -79.397057)"
Portuguese,"(43.6488426, -79.4204081)"
Italian,"(43.6580729, -79.3528151)"
Ramen,"(43.6538924, -79.3987117)"
Japanese; Sushi Bars,"(43.665176, -79.3805944)"
Breakfast & Brunch; Coffee & Tea; Japanese,"(43.6550229, -79.4024342)"
Chinese; Cafes,"(43.6533120769231, -79.3967472307692)"
Cocktail Bars,"(43.6435125, -79.3983672)"
Breakfast & Brunch,"(43.6481903, -79.3776696)"
French; Cafes,"(43.6663836, -79.4040021)"
Italian,"(43.6429936, -79.3829397)"
Middle Eastern,"(43.6550597, -79.3801574)"
Bakeries,"(43.650566, -79.3595768)"
Seafood,"(43.650509, -79.381733)"
Pizza; Turkish,"(43.6680033, -79.3405107)"
Breakfast & Brunch; American (Traditional),"(43.6519542, -79.4083757)"
Cocktail Bars; Breakfast & Brunch; American (Traditional),"(43.6495789, -79.3845764)"
Coffee & Tea; Juice Bars & Smoothies; Health Markets,"(43.6465062, -79.3786735)"
Bakeries; Desserts,"(43.6466621, -79.4060891)"
Bars; Canadian (New),"(43.6428083, -79.3837488)"
Comfort Food; Vegan; Burgers,"(43.6485012, -79.3981119)"
Desserts,"(43.6392636, -79.4428264)"
Japanese; Sushi Bars,"(43.7314478, -79.4040987)"
American (Traditional); Canadian (New),"(43.68766295, -79.394924442644)"
Coffee & Tea; Breakfast & Brunch; Cafes,"(43.6587499, -79.4426654)"
French,"(43.6687048, -79.392296)"
Korean,"(43.6497028, -79.43484755)"
Coffee & Tea; Sandwiches; Ice Cream & Frozen Yogurt,"(43.6527113, -79.4323714)"
Italian; Bars,"(43.6439328, -79.4017977)"
Coffee & Tea,"(43.669586, -79.3799912)"
Coffee & Tea,"(43.656668, -79.4027228)"
Italian,"(43.6513327, -79.4100869)"
Lounges; Cocktail Bars; Whiskey Bars,"(43.647892, -79.3744397)"
Pizza,"(43.6803304, -79.3386108)"
Italian; Pizza,"(43.6490947, -79.391351)"
Japanese; Sushi Bars,"(43.6465062, -79.3786735)"
Seafood; Cajun/Creole; Asian Fusion,"(43.662369, -79.3836933)"
Halal; Falafel; Fast Food,"(43.649964, -79.391021)"
Coffee & Tea; Sandwiches,"(43.6645776, -79.4108225)"
Italian; Seafood,"(43.6573238, -79.3835301)"
Japanese; Breakfast & Brunch; Desserts,"(43.6707664230769, -79.2972065230769)"
Himalayan/Nepalese; Asian Fusion; Diners,"(43.6397421, -79.4415627)"
Sushi Bars; Japanese,"(43.6639083, -79.3800633)"
Sushi Bars,"(44.3210318, -79.8752329)"
Vietnamese,"(43.6659516, -79.3494944)"
Breakfast & Brunch,"(43.6647725, -79.3241912)"
Sushi Bars; Japanese,"(43.70125, -79.397443)"
Museums,"(43.66725785, -79.4001431483655)"
Bars; Cafes; Tabletop Games,"(43.6559759, -79.4093377)"
Greek,"(43.6791027, -79.3434437)"
Cuban,"(43.6509077, -79.450988)"
Vietnamese; Bars,"(43.6478791, -79.401228)"
Seafood; Fish & Chips; British,"(43.7062029, -79.3620344)"
Mexican,"(43.65011, -79.36788325)"
Lebanese; Mediterranean,"(43.7387464727115, -79.4021135444124)"
Salad,"(43.6465062, -79.3786735)"
American (Traditional); Bars; Comfort Food,"(43.6659303, -79.40798)"
Wine Bars; Venues & Event Spaces; Argentine,"(43.6590065, -79.3833435)"
French,"(43.647024, -79.376872)"
Mexican; Vegan,"(43.6502826, -79.3848648)"
Desserts,"(43.6556980833333, -79.3842925416667)"
Wine Bars; Modern European,"(43.6692221, -79.3972109)"
Cocktail Bars; Sports Clubs; American (Traditional),"(43.6443295, -79.3962082)"
Desserts; Fast Food,"(43.640033, -79.379606)"
Pizza,"(43.6661878, -79.4068386)"
Italian,"(43.647051, -79.3941058)"
Bars; Canadian (New); Breakfast & Brunch,"(43.6448571, -79.4161789)"
Pubs,"(43.6488983, -79.3753257)"
Dim Sum; Asian Fusion; Wine Bars,"(43.6724694, -79.3874603)"
Bars; Comfort Food; American (Traditional),"(43.6243562, -80.1464752)"
Pubs,"(43.66453025, -79.3771456436701)"
Bars,"(43.6543073333333, -79.4006466666667)"
Vegan; Juice Bars & Smoothies; Burgers,"(43.6451568, -79.4150060930925)"
Chinese; Vegetarian,"(43.6543701, -79.4022017)"
Latin American; Imported Food,"(43.65483608, -79.4019765)"
Thai; Laotian,"(43.5638372469767, -80.2616995377683)"
Italian; Bars,"(43.6619843, -79.3354156)"
Italian,"(43.8517346, -79.4460211)"
Italian; Pizza; Cafes,"(43.6726132, -79.3886191)"
Pizza; Breakfast & Brunch,"(43.6462935, -79.3900553)"
Canadian (New); Bistros,"(43.6492193, -79.3934602)"
Burgers; Greek,"(43.6798683, -79.3393592)"
Japanese; Poke,"(43.647722, -79.390355)"
Middle Eastern; Halal,"(43.6278011, -79.6262509)"
Vegan,"(43.6570954, -79.4053679)"
Bakeries,"(43.6546273333333, -79.4009166666667)"
Coffee & Tea,"(43.6584396, -79.3524577)"
Japanese,"(43.6145089, -79.49743065)"
Japanese; Sushi Bars,"(43.648505, -79.386687)"
Mediterranean; Middle Eastern,"(43.6771843, -79.3531467)"
Coffee & Tea,"(43.6697693, -79.3918497)"
Chocolatiers & Shops; French,"(43.6798103736842, -79.3411598105263)"
Mexican,"(43.6567669, -79.4070259)"
Hakka; Breakfast & Brunch,"(43.65523, -79.385258)"
Mediterranean; Middle Eastern; Persian/Iranian,"(43.7909947, -79.4184938)"
Mediterranean; Persian/Iranian; Middle Eastern,"(43.7909947, -79.4184938)"
Vietnamese,"(43.6663599857143, -79.3490991285714)"
Korean,"(43.6640285, -79.4157685)"
Japanese,"(43.655255, -79.4142636)"
Italian,"(44.1756661, -77.3953268)"
Korean,"(43.66391747, -79.41743225)"
Canadian (New); Gastropubs,"(43.68451966, -79.318792824)"
Seafood; Fish & Chips; Mediterranean,"(43.6886595, -79.3920366)"
Italian,"(43.7036457875, -79.4136785875)"
Coffee & Tea; Cafes,"(43.6625029, -79.4442007)"
Hawaiian; Sushi Bars; Poke,"(43.6391794, -79.4155701)"
Asian Fusion; Poke; Chicken Shop,"(43.6646405, -79.4129702)"
Thai,"(43.6653407, -79.4679837)"
Creperies; Cafes; Desserts,"(43.6719852, -79.3878498)"
Cocktail Bars,"(43.6550575, -79.4141208)"
Chinese; Noodles,"(43.6511085, -79.383474444692)"
Coffee & Tea,"(43.6567582, -79.4070812)"
Cafes; Bars; Venues & Event Spaces,"(43.6578933, -79.3762815)"
Italian,"(43.702172, -79.397619)"
Italian,"(43.6645934, -79.4024199)"
Japanese,"(43.6496083, -79.4265741)"
Seafood; Portuguese,"(43.6541835, -79.4242423)"
Cafes; Sandwiches; Desserts,"(43.6886085, -79.3920805)"
Japanese; Sushi Bars,"(43.6625918571429, -79.4049887142857)"
Pubs,"(43.6732541, -79.3882426)"
Bars,"(43.666737, -79.38163)"
Lounges; Canadian (New); Diners,"(43.6459092, -79.3813636)"
Coffee & Tea,"(46.5092047, -84.3196334)"
Tea Rooms; Vegetarian,"(43.6623624, -79.4049473)"
Breakfast & Brunch; Salad,"(43.7256596, -79.452229187644)"
Breakfast & Brunch,"(43.705884, -79.3112313666667)"
Indian; Soup; Sandwiches,"(43.64846, -79.3972301)"
Cocktail Bars; Chicken Wings; Latin American,"(44.2215705, -76.5101861893193)"
Vietnamese,"(45.3893805, -75.6879614090463)"
Italian,"(43.6469537, -79.3742887)"
Korean,"(43.6503456, -79.3895418)"
Desserts; Coffee & Tea,"(43.6824417, -79.3286745)"
Turkish,"(43.7304935, -79.4679765)"
Bakeries; Vegan; Gluten-Free,"(43.6555183, -79.4026076)"
Middle Eastern; Diners; Breakfast & Brunch,"(43.69818945, -79.3957275399699)"
Fish & Chips,"(43.6821924, -79.4238943)"
Bagels,"(43.7271471571429, -79.4313765714286)"
Ethiopian,"(43.6826414181818, -79.3275468454545)"
Italian,"(43.6390573, -79.4253614)"
Japanese; Korean,"(44.7463219, -79.8850374)"
Indian; Vegetarian; Gluten-Free,"(43.6726342, -79.3211022)"
Pizza; Italian,"(43.6452974, -79.3897001)"
Vietnamese; Thai; Gluten-Free,"(43.6486938, -79.3960416)"
Tea Rooms,"(43.6497179, -79.3924715)"
Italian; Breakfast & Brunch; French,"(43.6558182, -79.4117175)"
Seafood; Vegetarian; Cocktail Bars,"(43.6495023, -79.4231268)"
Halal; Mediterranean; Kebab,"(43.64576705, -79.4485819997892)"
Soup,"(43.6433067692308, -79.4239555615385)"
Coffee & Tea; Desserts,"(43.666898, -79.345423)"
Ice Cream & Frozen Yogurt,"(43.7067781, -79.3757584)"
Canadian (New); Wine Bars,"(43.647756, -79.378072)"
Poutineries; Sandwiches,"(43.6962817857143, -79.3287110285714)"
Canadian (New); Bars,"(43.6626815714286, -79.4043434285714)"
Breakfast & Brunch,"(43.686406, -79.393642)"
Bubble Tea,"(43.6586568, -79.3846663)"
Dive Bars,"(43.6492509, -79.4219201)"
Mexican,"(43.6653469, -79.4655567)"
Bars; Breakfast & Brunch; Mexican,"(43.6696203, -79.413232)"
Asian Fusion; Taiwanese; Korean,"(45.3903215, -75.6848315164618)"
Cocktail Bars; Tapas/Small Plates; Breakfast & Brunch,"(43.6544295, -79.4230561)"
Mediterranean,"(43.679336, -79.4374231)"
Ice Cream & Frozen Yogurt,"(43.6478693, -79.4012766)"
Delis,"(43.6400792, -79.4011346)"
Coffee & Tea; Juice Bars & Smoothies; Breakfast & Brunch,"(43.6541393, -79.4244361)"
Indian,"(43.6462378, -79.3897669)"
Japanese; Tapas Bars,"(43.6557636, -79.3845946)"
Lounges; Russian,"(44.3954162, -79.6904105)"
Caribbean,"(43.66150665, -79.3835251)"
Desserts; Ice Cream & Frozen Yogurt,"(43.6391703, -79.3858573)"
Bars; Dance Clubs; Music Venues,"(43.6528158, -79.4012412)"
Ethiopian,"(43.216065, -79.940041)"
Caribbean,"(43.6833561, -79.3001385)"
Japanese; Sushi Bars,"(43.67058285, -79.3927546240949)"
Japanese; Sushi Bars,"(43.6945167, -79.4561084)"
Bakeries; Patisserie/Cake Shop,"(43.6449033, -79.3818364)"
Greek,"(43.6795161, -79.3452684428571)"
Thai; Desserts; Noodles,"(43.7067357878788, -79.3894026363636)"
Pubs,"(43.6804838, -79.3378399)"
Indian,"(43.66564835, -79.473500825)"
Ice Cream & Frozen Yogurt,"(43.6776293875, -79.3522509375)"
Pizza; Salad; Tapas/Small Plates,"(43.6549669863636, -79.4143930545455)"
Portuguese; South African,"(43.6622721, -79.3865362)"
Desserts; Bakeries,"(44.75019, -79.8907847)"
Canadian (New); Lounges,"(43.6384669, -79.3902507)"
Asian Fusion; Singaporean,"(43.6487681, -79.3816917928303)"
Sandwiches; Salad,"(43.6481165, -79.3951423)"
Sushi Bars,"(43.6654241, -79.4091785)"
