Name,Address,Cusine
Gyubee Japanese Grill - Dundas,157 Dundas St W,Japanese; Barbeque
Indian Spice Room,717 Queen Street E,Vegetarian; Indian
Olive + Lemon,3604 Major MacKenzie Dr W,Seafood; Pizza; Italian
Pai Northern Thai Kitchen,18 Duncan Street,Thai
Seven Lives Tacos Y Mariscos,69 Kensington Avenue,Mexican
KINKA IZAKAYA ORIGINAL,398 Church St,Japanese; Pubs
Banh Mi Boys,392 Queen Street W,Vietnamese; Sandwiches
Richmond Station,1 Richmond Street W,Canadian (New)
Byblos,11 Duncan Street,Mediterranean; Middle Eastern
Bang Bang Ice Cream and Bakery,93a Ossington Avenue,Desserts; Ice Cream & Frozen Yogurt
Khao San Road,11 Charlotte Street,Thai
Ramen Isshin,421 College Street,Ramen
Blaze Fast-Fire’d Pizza,10 Dundas Street East,Pizza; Salad; Fast Food
Flame Food+Design,2197 Bloor Street W,Canadian (New); Turkish
Ozzy’s Burgers Vaughan,3175 Rutherford Road,Burgers
Spice Club Indian Cuisine,4532 Kingston Road,Indian
Pearl Diver,100 Adelaide Street E,Seafood; Comfort Food; Breakfast & Brunch
Fahrenheit Coffee,120 Lombard Avenue,Coffee & Tea
The Stockyards,699 St. Clair Avenue W,American (Traditional); Barbeque; Burgers
Mildred’s Temple Kitchen,85 Hanna Avenue,Breakfast & Brunch; Canadian (New)
Ripley’s Aquarium of Canada,288 Bremner Blvd,Aquariums
Scaramouche Restaurant Pasta Bar & Grill,1 Benvenuto Place,French; Bars
JaBistro,222 Richmond Street W,Japanese; Sushi Bars
Lee Restaurant,601 King Street W,Asian Fusion
Katsuya,66 Gerrard Street E,Japanese; Asian Fusion
Hokkaido Ramen Santouka,91 Dundas Street E,Ramen; Noodles
Dönerland,217 Roncesvalles Avenue,Kebab; Mediterranean; Halal
Olive + Lemon,3604 Major MacKenzie Dr W,Italian; Pizza; Seafood
Gyubee Japanese Grill - Bloor,335 Bloor Street W,Barbeque; Japanese; Steakhouses
Dönerland,217 Roncesvalles Avenue,Mediterranean; Kebab; Halal
Eggspectation,483 Bay Street,Breakfast & Brunch; Juice Bars & Smoothies
Alo Restaurant,163 Spadina Avenue,Bars; French
Fresco’s Fish & Chips,201 Augusta Avenue,Fish & Chips; Chicken Wings; Sandwiches
Tinuno,31 Howard Street,Filipino
GB Hand-pulled Noodles,66 Edward Street,Chinese; Noodles
CN Tower,301 Front St W,Landmarks & Historical Buildings; Observatories
Bar Isabel,797 College Street,Spanish; Tapas Bars
KINKA IZAKAYA ANNEX,559 Bloor St W,Japanese; Tapas/Small Plates; Pubs
Wilbur Mexicana,552 King Street W,Mexican
Banh Mi Boys,399 Yonge Street,Vietnamese; Asian Fusion
Indian Spice Room,717 Queen Street E,Vegetarian; Indian
Gyubee Japanese Grill - Bloor,335 Bloor Street W,Barbeque; Japanese; Steakhouses
Spice Club Indian Cuisine,4532 Kingston Road,Indian
Dönerland,217 Roncesvalles Avenue,Kebab; Halal; Mediterranean
Juicy Dumpling,280 Spadina Ave,Dim Sum; Dumplings
Ravi Soups,322 Adelaide Street W,Sandwiches; Soup
Black Camel,4 Crescent Road,Sandwiches
Adamson Barbecue,176 Wicksteed Avenue,Barbeque
Mystic Muffin,113 Jarvis Street,Sandwiches; Middle Eastern; Coffee & Tea
Saku Sushi,478 Queen Street W,Sushi Bars; Japanese
Beerbistro,18 King Street E,Bistros; Beer Bar
Descendant Detroit Style Pizza,1168 Queen Street E,Pizza
BarChef,472 Queen Street W,Lounges; Cocktail Bars
Emma’s Country Kitchen,810 Saint Clair Avenue W,Breakfast & Brunch; Bakeries; Comfort Food
Flame Food+Design,2197 Bloor Street W,Turkish; Canadian (New)
Gyubee Japanese Grill - Bloor,335 Bloor Street W,Japanese; Barbeque; Steakhouses
Ozzy’s Burgers Vaughan,3175 Rutherford Road,Burgers
Olive + Lemon,3604 Major MacKenzie Dr W,Pizza; Seafood; Italian
Soma Chocolatemaker,443 King Street West,Chocolatiers & Shops; Ice Cream & Frozen Yogurt; Desserts
Sansotei,650 Yonge Street,Ramen
The Keg Steakhouse + Bar - Mansion,515 Jarvis Street,Steakhouses; Bars; Seafood
AGO - Art Gallery of Ontario,317 Dundas Street W,Art Museums
Tsujiri,147 Dundas Street,Tea Rooms; Ice Cream & Frozen Yogurt; Desserts
Tibet Kitchen,1544 Queen Street W,Himalayan/Nepalese
Café Polonez,195 Roncesvalles Avenue,Polish
Beast Restaurant,96 Tecumseth Street,Canadian (New); Breakfast & Brunch
Lamesa Filipino Kitchen,634 St Clair Avenue W,Filipino
Royal Ontario Museum,100 Queen's Park,Museums
Gyubee Japanese Grill - Dundas,157 Dundas St W,Barbeque; Japanese
Gyubee Japanese Grill - Bloor,335 Bloor Street W,Japanese; Barbeque; Steakhouses
Ozzy’s Burgers Vaughan,3175 Rutherford Road,Burgers
Aanch Modernistic Indian Cuisine,259 Wellington St W,Indian
Ikkousha Ramen,249 Queen Street W,Ramen
Japango,122 Elizabeth Street,Sushi Bars
Wow Sushi,11 Charles Street,Sushi Bars
Nadege,780 Queen Street W,Desserts; Macarons; Patisserie/Cake Shop
Aloette,163 Spadina Avenue,French; Bistros; Diners
Le Sélect Bistro,432 Wellington Street W,French; Coffee & Tea; Breakfast & Brunch
Mira,420A Wellington Street W,Peruvian
Salad King Restaurant,340 Yonge Street,Thai
Yuzu No Hana,236 Adelaide Street W,Sushi Bars; Japanese
Hibiscus,238 Augusta Avenue,Vegan; Vegetarian; Gluten-Free
Olive + Lemon,3604 Major MacKenzie Dr W,Pizza; Italian; Seafood
Gyubee Japanese Grill - Bloor,335 Bloor Street W,Barbeque; Japanese; Steakhouses
Ozzy’s Burgers Vaughan,3175 Rutherford Road,Burgers
Dönerland,217 Roncesvalles Avenue,Halal; Kebab; Mediterranean
Grand Electric,1330 Queen Street W,Bars; Mexican
Sabai Sabai Kitchen and Bar,81 Bloor Street E,Laotian; Thai; Bars
Bannock,401 Bay Street,Canadian (New); Sandwiches; Breakfast & Brunch
Poke Guys,112 Elizabeth Street,Hawaiian; Poke
Eva’s Original Chimneys,454 Bloor Street W,Desserts; Bakeries; Ice Cream & Frozen Yogurt
Bar Raval,505 College Street,Spanish; Tapas/Small Plates; Cocktail Bars
Cluck Clucks,222 The Esplanade,Chicken Shop; Comfort Food; Sandwiches
Barque Smokehouse,299 Roncesvalles Avenue,Barbeque; Smokehouse
Ruby Watchco,730 Queen Street E,Canadian (New)
Nuit Social,1168 Queen Street W,Cocktail Bars; Modern European; Canadian (New)
Gyubee Japanese Grill - Dundas,157 Dundas St W,Japanese; Barbeque
Gyubee Japanese Grill - Bloor,335 Bloor Street W,Barbeque; Steakhouses; Japanese
Ozzy’s Burgers Vaughan,3175 Rutherford Road,Burgers
Spice Club Indian Cuisine,4532 Kingston Road,Indian
The Carbon Bar,99 Queen Street E,Barbeque; Bars; American (Traditional)
La Bella Managua,872 Bloor Street W,Latin American; Nicaraguan
Agio,1351 St Clair Avenue W,Italian
Snakes & Lattes Annex,600 Bloor Street W,Bars; Cafes
La Carnita,501 College Street,Mexican
Sukhothai,274 Parliament Street,Thai; Noodles
The Keg Steakhouse + Bar,165 York Street,Steakhouses; Bars; Seafood
Planta Yorkville,1221 Bay Street,Tapas/Small Plates; Pizza; Cocktail Bars
Pow Wow Cafe,213 Augusta Avenue,Canadian (New); Cafes
Burrito Boyz,224 Adelaide Street W,Mexican
Indian Spice Room,717 Queen Street E,Vegetarian; Indian
Gyubee Japanese Grill - Bloor,335 Bloor Street W,Steakhouses; Japanese; Barbeque
Indian Spice Room,717 Queen Street E,Vegetarian; Indian
RYUS Noodle Bar,669 Queen Street W,Ramen
Momofuku Noodle Bar,190 University Avenue,Ramen; Noodles
Hanmoto,2 Lakeview Avenue,Japanese; Asian Fusion
Ryus Noodle Bar,786 Broadview Avenue,Ramen
The Haam,342 Adelaide St W,Japanese; Mexican; Sushi Bars
Swatow Restaurant,309 Spadina Avenue,Chinese
FIKA,28 Kensington Avenue,Coffee & Tea; Sandwiches; Desserts
The Burger’s Priest,463 Queen Street W,Burgers
Moon Bean Coffee Company,30 St. Andrew Street,Coffee & Tea; Coffee Roasteries
Icha Tea,235 Spadina Avenue,Coffee & Tea; Desserts
Tofu Village - House of Soon Tofu,681 Bloor Street W,Korean
Dönerland,217 Roncesvalles Avenue,Kebab; Mediterranean; Halal
Indian Spice Room,717 Queen Street E,Vegetarian; Indian
Gyubee Japanese Grill - Dundas,157 Dundas St W,Barbeque; Japanese
Gyubee Japanese Grill - Bloor,335 Bloor Street W,Japanese; Steakhouses; Barbeque
White Brick Kitchen,641 Bloor Street W,Breakfast & Brunch; Comfort Food
Rustle & Still Café,605 Bloor Street W,Coffee & Tea; Vietnamese
Takht-e Tavoos,1120 College Street,Persian/Iranian
Assembly Chef’s Hall,111 Richmond Street W,Food Court
Pizzeria Libretto Danforth,550 Danforth Avenue,Pizza; Italian
Yummy Yummy Dumplings,79 Huron Street,Chinese; Dumplings; Soup
Levetto,68 Sudbury Street,Italian; Pizza; Salad
La Palette,492 Queen Street W,French; Desserts; Bars
Summer’s Ice Cream,101 Yorkville Avenue,Ice Cream & Frozen Yogurt; Desserts
La Cubana,92 Ossington Avenue,Cuban; Desserts; Sandwiches
Flame Food+Design,2197 Bloor Street W,Turkish; Canadian (New)
Ozzy’s Burgers Vaughan,3175 Rutherford Road,Burgers
Dönerland,217 Roncesvalles Avenue,Kebab; Halal; Mediterranean
Gyubee Japanese Grill - Bloor,335 Bloor Street W,Barbeque; Japanese; Steakhouses
Bar Buca,75 Portland Street,Bars; Italian; Breakfast & Brunch
The Poke Box,36 Toronto Street,Salad; Poke
Good Fork,1550 Dundas St W,Canadian (New)
Chubby’s Jamaican Kitchen,104 Portland Street,Caribbean
Joso’s,202 Davenport Road,Seafood
Sugo,1279 Bloor Street W,Italian; Sandwiches; Cocktail Bars
Almond Butterfly Cafe & Bakeshop,100 Harbord Street,Bakeries; Cafes; Breakfast & Brunch
Korean Village Restaurant,628 Bloor Street W,Korean
Scaddabush Italian Kitchen & Bar,382 Yonge Street,"Wine Bars; Italian; Beer, Wine & Spirits"
Plentea,1205 Queen Street W,Coffee & Tea; Tea Rooms
Indian Spice Room,717 Queen Street E,Vegetarian; Indian
Gyubee Japanese Grill - Bloor,335 Bloor Street W,Barbeque; Steakhouses; Japanese
Indian Spice Room,717 Queen Street E,Vegetarian; Indian
Gyubee Japanese Grill - Dundas,157 Dundas St W,Barbeque; Japanese
Cluny Bistro & Boulangerie,35 Tank House Lane,French; Wine Bars; Cocktail Bars
Mengrai Thai,82 Ontario Street,Thai; Noodles
Sassafraz,100 Cumberland Street,French
Smoque N’ Bones,869 Queen Street W,Barbeque
Seor Ak San,357 Spadina Avenue,Korean
The Hogtown Vegan,1056 Bloor St. W,Vegan
Tachi,111 Richmond Street W,Sushi Bars; Japanese
Banjara Indian Cuisine,796 Bloor Street W,Indian
Apiecalypse Now!,735 Bloor Street W,Pizza; Vegan; Ice Cream & Frozen Yogurt
Trattoria Nervosa,75 Yorkville Avenue,Italian; Pizza; Salad
Olive + Lemon,3604 Major MacKenzie Dr W,Italian; Pizza; Seafood
Ozzy’s Burgers Vaughan,3175 Rutherford Road,Burgers
Aanch Modernistic Indian Cuisine,259 Wellington St W,Indian
Gyubee Japanese Grill - Bloor,335 Bloor Street W,Japanese; Steakhouses; Barbeque
Veghed,1199 Dundas Street W,Vegan; Vegetarian
Tandem Coffee,368 King Street E,Coffee & Tea
Odd Seoul,90 Ossington Avenue,Korean; Dive Bars; Asian Fusion
Okonomi House Restaurant,23 Charles Street W,Japanese
HotBlack Coffee,245 Queen Street W,Coffee & Tea; Cafes; Breakfast & Brunch
Egg Bae,189 Augusta Avenue,Breakfast & Brunch
Imm Thai Kitchen,651 College Street,Thai; Noodles
Indie Ale House,2876 Dundas Street W,Breweries; Gastropubs; Pizza
Makkal Chon,1979 Lawrence Avenue E,Korean
STACK,3265 Yonge Street,Barbeque
Gyubee Japanese Grill - Dundas,157 Dundas St W,Barbeque; Japanese
Ozzy’s Burgers Vaughan,3175 Rutherford Road,Burgers
Spice Club Indian Cuisine,4532 Kingston Road,Indian
Gyubee Japanese Grill - Bloor,335 Bloor Street W,Barbeque; Steakhouses; Japanese
Schnitzel Queen,211 Queen Street E,German; Sandwiches
White Lily Diner,678 Queen Street E,Breakfast & Brunch; Diners
Casa Loma,1 Austin Terrace,Museums
Completo,5 Coady Avenue,Latin American; Fast Food; Comfort Food
Mr.Tonkatsu,520 Bloor Street W,Japanese
The Burger’s Priest,1636 Queen Street E,Burgers
Earls Kitchen + Bar,150 King Street West,Canadian (New); Cocktail Bars
Barberian’s Steak House,7 Elm Street,Steakhouses
Wong’s Ice Cream & Store,617 Gerrard Street E,Ice Cream & Frozen Yogurt; Desserts
Levetto,382 Spadina Avenue,Pizza; Italian; Salad
Indian Spice Room,717 Queen Street E,Indian; Vegetarian
Gyubee Japanese Grill - Bloor,335 Bloor Street W,Steakhouses; Japanese; Barbeque
Dönerland,217 Roncesvalles Avenue,Mediterranean; Kebab; Halal
Indian Spice Room,717 Queen Street E,Indian; Vegetarian
L’Unita Enoteca,134 Avenue Road,Italian
Little Pebbles,160 Baldwin Street,Desserts; Coffee & Tea
Yummy Korean Food Restaurant,620 Bloor Street W,Korean
Sukho Thai,52 Wellington Street E,Thai
Como En Casa,565 Yonge Street,Mexican
Chatime - Dundas,132 Dundas Street W,Coffee & Tea
Union,72A Ossington Avenue,French; Wine Bars
King Taps,Located in First Canadian Place,Lounges; Canadian (New); Breakfast & Brunch
Cafe Crepe,246 Queen Street W,Creperies; Breakfast & Brunch; Coffee & Tea
Salad Days,2 Bloor Street W,Food Stands; Salad
Gyubee Japanese Grill - Dundas,157 Dundas St W,Japanese; Barbeque
Gyubee Japanese Grill - Bloor,335 Bloor Street W,Barbeque; Steakhouses; Japanese
Indian Spice Room,717 Queen Street E,Indian; Vegetarian
Olive + Lemon,3604 Major MacKenzie Dr W,Pizza; Seafood; Italian
Homemade Ramen,263 Spadina Avenue,Chinese; Noodles; Ramen
Honest Weight,2766 Dundas Street W,Seafood; Seafood Markets
Allan Gardens,19 Horticultural Avenue,Parks
Sweet Jesus,106 John Street,Desserts; Ice Cream & Frozen Yogurt; Coffee & Tea
Messini Authentic Gyros,445 Danforth Avenue,Greek; Sandwiches
The Irv Gastro Pub,195 Carlton Street,Burgers; Gastropubs
Soma Chocolatemaker,32 Tank House Lane,Chocolatiers & Shops; Ice Cream & Frozen Yogurt; Desserts
Chadwick’s,268 Howland Avenue,Canadian (New); Comfort Food
Veggie D’Light,160 Baldwin Street,Caribbean; Vegan; Gluten-Free
KINTON RAMEN,51 Baldwin Street,Ramen; Noodles
Dönerland,217 Roncesvalles Avenue,Mediterranean; Halal; Kebab
Gyubee Japanese Grill - Bloor,335 Bloor Street W,Steakhouses; Barbeque; Japanese
Ozzy’s Burgers Vaughan,3175 Rutherford Road,Burgers
Indian Spice Room,717 Queen Street E,Vegetarian; Indian
Woodlot Restaurant,293 Palmerston Avenue,Vegetarian; Canadian (New); Comfort Food
Pizzeria Libretto,155 University Avenue,Pizza; Italian
Loga’s Corner,216C Close Avenue,Himalayan/Nepalese
Fresh On Bloor,326 Bloor Street W,Vegan; Salad; Soup
iHalo Krunch,831 Queen Street W,Ice Cream & Frozen Yogurt
Si Lom Thai Bistro,534 Church Street,Thai; Noodles; Seafood
Le Gourmand,152 Spadina Avenue,Coffee & Tea; Breakfast & Brunch; Cafes
Forno Cultura,609 King Street W,Bakeries; Coffee & Tea
Tacos El Asador,689 Bloor Street W,Mexican; Latin American
Koh Lipe Thai Kitchen,35 Baldwin Street,Thai
RYUS Noodle Bar,669 Queen Street W,Ramen
Gyubee Japanese Grill - Bloor,335 Bloor Street W,Steakhouses; Barbeque; Japanese
Ozzy’s Burgers Vaughan,3175 Rutherford Road,Burgers
Aanch Modernistic Indian Cuisine,259 Wellington St W,Indian
Crepe TO,52 Church Street,Creperies
Early Bird Coffee & Kitchen,613 Queen Street W,Coffee & Tea; Breakfast & Brunch
Raku,456 Queen St W,Japanese; Noodles
The Dirty Bird Chicken + Waffles,79 Kensington Avenue,Chicken Shop; Waffles; Burgers
Otto’s Bierhalle,1087 Queen Street W,German
Le Baratin,1600 Dundas Street. W,French
Live Organic Food Bar,264 Dupont Street,Live/Raw Food; Organic Stores; Juice Bars & Smoothies
Kintako Japanese Restaurant,214 Laird Drive,Japanese
Rolltation,207 Dundas Street W,Sushi Bars; Salad; Poke
Flame Food+Design,2197 Bloor Street W,Turkish; Canadian (New)
Indian Spice Room,717 Queen Street E,Vegetarian; Indian
Zaad,348 Bloor Street West,Middle Eastern
RYUS Noodle Bar,669 Queen Street W,Ramen
Carisma,15 Toronto Street,Italian
The Caledonian,856 College Street,Pubs; Scottish; Whiskey Bars
California Sandwiches,244 Claremont Street,Sandwiches
Jules Bistro,147 Spadina Avenue,French
The Wren,1382 Danforth Avenue,Bars; American (Traditional)
Pukka,778 St. Clair Avenue W,Indian
Butter Avenue,477 Queen Street W,Desserts; Bakeries; Macarons
Oyster Boy,872 Queen Street W,Seafood
Jimmy’s Coffee,107 Portland Street,Coffee & Tea
The Hole In the Wall,2867 Dundas Street W,Pubs; Canadian (New)
Dönerland,217 Roncesvalles Avenue,Kebab; Mediterranean; Halal
Ozzy’s Burgers Vaughan,3175 Rutherford Road,Burgers
Gyubee Japanese Grill - Bloor,335 Bloor Street W,Japanese; Steakhouses; Barbeque
Gyubee Japanese Grill - Dundas,157 Dundas St W,Barbeque; Japanese
Le Petit Déjeuner,191 King Street E,Breakfast & Brunch; Belgian
House of Gourmet,484 Dundas St W,Chinese
Tabule Restaurant,2009 Yonge Street,Middle Eastern; Vegan; Vegetarian
KINTON RAMEN,396 Church Street,Ramen; Noodles
Jimmy’s Coffee,191 Baldwin Street,Coffee & Tea
Toronto Island,Toronto Island,Parks; Beaches
COO Café Bread or Rice,1049 Bloor Street W,Japanese; French
FUEL+,471 Church Street,Coffee & Tea; Organic Stores; Juice Bars & Smoothies
Jimmy’s Coffee,84 Gerrard Street W,Coffee & Tea
Arctic Bites,21 Baldwin Street,Ice Cream & Frozen Yogurt
Indian Spice Room,717 Queen Street E,Indian; Vegetarian
Gyubee Japanese Grill - Bloor,335 Bloor Street W,Steakhouses; Barbeque; Japanese
Ozzy’s Burgers Vaughan,3175 Rutherford Road,Burgers
Kiin,326 Adelaide Street W,Thai
Athens Pastries,509 Danforth Avenue,Bakeries; Mediterranean
Voodoo Child,388 College Street,Coffee & Tea; Cocktail Bars
Bosk,Located in Shangri-La Hotel,Canadian (New)
Local Liberty Village,171 E Liberty Street,Sports Bars; Breakfast & Brunch
The Fish Store & Sandwiches,657 College Street,Sandwiches; Seafood
Tabülè Middle Eastern Cuisine,810 Queen Street E,Middle Eastern
Mangia & Bevi,260 King Street E,Italian; Pizza
Epicure City BOM,72 Gerrard Street W,Korean
Nodo Restaurant,2885 Dundas Street West,Italian
Indian Spice Room,717 Queen Street E,Vegetarian; Indian
Gyubee Japanese Grill - Bloor,335 Bloor Street W,Steakhouses; Japanese; Barbeque
Ozzy’s Burgers Vaughan,3175 Rutherford Road,Burgers
Flame Food+Design,2197 Bloor Street W,Canadian (New); Turkish
Quantum Coffee,460 King Street W,Coffee & Tea
Loose Moose,146 Front Street West,Sports Bars; Gastropubs; Canadian (New)
Fabarnak Community Cafe and Catering,519 Church Street,Cafes; Caterers
Copacabana Brazilian Steak House,150 Eglinton Avenue E,Brazilian; Steakhouses
Lahore Tikka House,1365 Gerrard Street E,Halal; Pakistani
Little India Restaurant,255 Queen Street W,Indian; Buffets
Rudy,619 College Street,Burgers; Fast Food; Sandwiches
Mother’s Dumplings,421 Spadina Avenue,Chinese
Gyu-Kaku Japanese BBQ,81 Church Street,Japanese; Barbeque; Asian Fusion
Onnki Donburi,40 Hayden Street,Japanese
Indian Spice Room,717 Queen Street E,Indian; Vegetarian
Ozzy’s Burgers Vaughan,3175 Rutherford Road,Burgers
"Ay Caramba, Eh",65-3540 Rutherford Road,Mexican; Latin American
Subway,671 Danforth Avenue,Fast Food; Sandwiches
Salad House,13 Hayden Street,Salad
Simone’s Caribbean Restaurant,596 Danforth Avenue,Caribbean
Café Boulud,Located in Four Seasons Toronto,Cafes; Desserts; French
Sala Modern Thai Kitchen & Bar,1262 Danforth Avenue,Thai; Asian Fusion
Akira Back,80 Blue Jays Way,Japanese; Korean; Asian Fusion
Grey Gardens,199 Augusta Avenue,Wine Bars; Canadian (New)
Cocktail Bar,923 Dundas St W,Bars
Campechano Taquería,504 Adelaide Street W,Mexican
de Mello Palheta,2489 Yonge Street,Coffee & Tea; Bakeries; Desserts
Boxcar Social,1208 Yonge Street,Wine Bars; Coffee & Tea
Gyubee Japanese Grill - Bloor,335 Bloor Street W,Barbeque; Steakhouses; Japanese
Ozzy’s Burgers Vaughan,3175 Rutherford Road,Burgers
Gyubee Japanese Grill - Bloor,335 Bloor Street W,Steakhouses; Japanese; Barbeque
Supernova Ballroom,330 Bay Street,Cocktail Bars
Farm’r Eatery & Catering,140 The Esplanade,Canadian (New); Gluten-Free; Vegetarian
Gio Rana’s Really Really Nice Restaurant,1220 Queen Street East,Italian; Tapas/Small Plates
C’est What,67 Front Street E,Breweries; Music Venues; Canadian (New)
Himalayan Kitchen,1526 Queen Street W,Indian; Himalayan/Nepalese
Beach Hill Smokehouse,172 Main Street S,Barbeque; Desserts; Sandwiches
Real Sports,15 York Street,Sports Bars; Canadian (New)
Aunties & Uncles,74 Lippincott Street,Breakfast & Brunch
Zezafoun Syrian Cuisine,4 Manor Road E,Syrian; Middle Eastern; Arabian
Raijin Ramen,24 Wellesley Street W,Ramen; Noodles; Soup
Adega Restaurante,33 Elm St,Portuguese; Spanish
Tashi Delek Cafe,223 Jameson Avenue,Himalayan/Nepalese; Cafes
Gyubee Japanese Grill - Bloor,335 Bloor Street W,Japanese; Steakhouses; Barbeque
Olive + Lemon,3604 Major MacKenzie Dr W,Pizza; Italian; Seafood
Buddha’s Vegan Foods,666 Dundas Street W,Vegetarian; Chinese; Vegan
Avenue Open Kitchen,7 Camden Street,Diners; Delis; Sandwiches
ImPerfect Fresh Eats,318 Adelaide Street W,Salad; Juice Bars & Smoothies; Acai Bowls
Big Trouble Pizza,235 Spadina Avenue,Pizza
Wafels & More,237 Augusta Avenue,Breakfast & Brunch; Waffles; Belgian
Kitten and the Bear,1414 Dundas Street W,Coffee & Tea; Specialty Food
Balzac’s Distillery District,1 Trinity Street,Coffee & Tea; Venues & Event Spaces; Coffee Roasteries
Patois Toronto,794 Dundas Street W,Chinese; Asian Fusion; Caribbean
Mon K Patisserie,1040 Coxwell Avenue,Coffee & Tea; Bakeries
Momo Hut & Gardens,401 Danforth Avenue,Himalayan/Nepalese
Dönerland,217 Roncesvalles Avenue,Kebab; Halal; Mediterranean
Gyubee Japanese Grill - Bloor,335 Bloor Street W,Steakhouses; Barbeque; Japanese
Dönerland,217 Roncesvalles Avenue,Mediterranean; Halal; Kebab
Indian Spice Room,717 Queen Street E,Indian; Vegetarian
7 West Cafe,7 Charles Street W,Italian; Breakfast & Brunch; Bars
Bean and Baker Malt Shop,326 Harbord Street,Ice Cream & Frozen Yogurt; Coffee & Tea; Patisserie/Cake Shop
Queen Mother Cafe,208 Queen Street W,Asian Fusion; Thai
Mamakas Taverna,80 Ossington Avenue,Greek; Mediterranean
Good Hombres,374 Bathurst Street,Mexican
Ricarda’s Toronto,134 Peter St,Mediterranean; Italian; Breakfast & Brunch
Sakawa Coffee & Japanese Restaurant,867 Danforth Ave,Japanese
Mezes,456 Danforth Avenue,Greek; Mediterranean
Porchetta & Co,545 King Street W,Sandwiches
NEO COFFEE BAR,161 Frederick St,Coffee & Tea; Bakeries
Olive + Lemon,3604 Major MacKenzie Dr W,Seafood; Italian; Pizza
Aanch Modernistic Indian Cuisine,259 Wellington St W,Indian
Gyubee Japanese Grill - Bloor,335 Bloor Street W,Steakhouses; Barbeque; Japanese
Gyubee Japanese Grill - Dundas,157 Dundas St W,Barbeque; Japanese
Mother India,1456 Queen Street W,Indian
Town Crier Pub,115 John St,Pubs; German
Fusaro’s Kitchen,147 Spadina Avenue,Italian; Pizza
Duke’s Refresher + Bar,382 Yonge Street,Burgers; American (Traditional); Beer Bar
Our Spot,180 Baldwin Street,Breakfast & Brunch; Coffee & Tea
Fat Pasha,414 Dupont Street,Middle Eastern
Maker Pizza,59 Cameron Street,Pizza
Fudao noodle house,358 Spadina ave,Chinese; Noodles; Fast Food
Dark Horse Espresso,215 Spadina Avenue,Coffee & Tea
Bitondo’s Pizzeria,11 Clinton Street,Pizza; Italian
Flame Food+Design,2197 Bloor Street W,Canadian (New); Turkish
Gyubee Japanese Grill - Bloor,335 Bloor Street W,Barbeque; Steakhouses; Japanese
Ozzy’s Burgers Vaughan,3175 Rutherford Road,Burgers
Spice Club Indian Cuisine,4532 Kingston Road,Indian
La Vecchia Ristorante,2405A Yonge Street,Italian; Seafood; Venues & Event Spaces
Terroni,720 Queen Street W,Italian; Pizza
Prohibition Gastrohouse - Queen,696 Queen Street E,Bars; American (Traditional)
The Shameful Tiki Room,1378 Queen W,Tiki Bars
Piedmont Coffee Bar,66 Isabella Street,Coffee & Tea
Wanda’s Pie In The Sky,287 Augusta Avenue,Bakeries; Desserts; Coffee & Tea
Canis,746 Queen Street W,Canadian (New); Wine Bars
Kevin’s Taiyaki,675 Bloor Street,Specialty Food; Asian Fusion; Japanese
Light Cafe,23 Baldwin Street,Cafes
Banh Mi Boys,2365 Yonge Street,Vietnamese; Asian Fusion
Dönerland,217 Roncesvalles Avenue,Mediterranean; Kebab; Halal
Ozzy’s Burgers Vaughan,3175 Rutherford Road,Burgers
Gyubee Japanese Grill - Bloor,335 Bloor Street W,Barbeque; Steakhouses; Japanese
Indian Spice Room,717 Queen Street E,Vegetarian; Indian
Reposado Bar & Lounge,136 Ossington Avenue,Tapas/Small Plates; Music Venues; Cocktail Bars
Pomegranate Restaurant,420 College Street,Middle Eastern; Persian/Iranian
Lai Wah Heen,Located in DoubleTree by Hilton Hotel Toronto Downtown,Dim Sum
Hothouse,35 Church Street,Italian; Bars; Venues & Event Spaces
Graffiti Alley,513 Queen Street W,Public Art
Pizzeria Via Mercanti,188 Augusta Avenue,Pizza; Italian
Greg’s Ice Cream,750 Spadina Avenue,Ice Cream & Frozen Yogurt
Sushi & BBbop,384 Yonge Street,Sushi Bars; Korean; Japanese
Piano Piano,88 Harbord Street,Italian; Pizza
Foxley Bistro and Bar,207 Ossington Avenue,Asian Fusion; Tapas Bars
Gyubee Japanese Grill - Dundas,157 Dundas St W,Japanese; Barbeque
Gyubee Japanese Grill - Bloor,335 Bloor Street W,Barbeque; Japanese; Steakhouses
Spice Club Indian Cuisine,4532 Kingston Road,Indian
Flame Food+Design,2197 Bloor Street W,Turkish; Canadian (New)
Black Canary Espresso Bar,329 Yonge Street,Coffee & Tea
Buster’s Sea Cove,93 Front Street E,Seafood
Dirty Food Eatery,3070 Dundas Street W,Breakfast & Brunch; Comfort Food
Frankie’s,994 Queen Street W,Breakfast & Brunch; Diners
Mos Mos,25 King Street W,Cafes; Coffee & Tea
Kit Kat Italian Bar & Grill,297 King Street W,Italian; Mediterranean
Dessert Lady Café,12 Cumberland St,Bakeries; Desserts
Evviva Breakfast & Lunch - Downtown Toronto,25 Lower Simcoe,Breakfast & Brunch
Rooster Coffee House,343 King Street E,Coffee & Tea; Sandwiches
Sud Forno,716 Queen Street W,Italian; Bakeries; Sandwiches
Indian Spice Room,717 Queen Street E,Indian; Vegetarian
Gyubee Japanese Grill - Bloor,335 Bloor Street W,Steakhouses; Japanese; Barbeque
Ozzy’s Burgers Vaughan,3175 Rutherford Road,Burgers
Spice Club Indian Cuisine,4532 Kingston Road,Indian
Utopia Café & Grill,586 College St,Tex-Mex; Burgers
Gushi Japanese Street Food,707 Dundas Street W,Street Vendors; Japanese
Lee Chen Asian Bistro,214 King Street W,Dim Sum; Asian Fusion
Ozzy’s Burgers,66 Nassau St,Burgers; Sandwiches; Fast Food
Chica’s Nashville Hot Chicken,2853 Dundas Street W,Chicken Shop; Southern
The Lockhart,1479 Dundas Street W,Bars
Holy Chuck,1450 Yonge Street,Burgers
Souk Tabule,494 Front Street E,Middle Eastern; Salad; Soup
Khmer Thai Restaurant,1018 St Clair Avenue W,Thai; Cambodian
JOEY Yorkdale,305 - B 3401 Dufferin St,Canadian (New); Lounges
Olive + Lemon,3604 Major MacKenzie Dr W,Pizza; Italian; Seafood
Gyubee Japanese Grill - Bloor,335 Bloor Street W,Japanese; Steakhouses; Barbeque
Aanch Modernistic Indian Cuisine,259 Wellington St W,Indian
Pinky’s Ca Phe,53 Clinton Street,Vietnamese
Trinity Bellwoods Park,155 Crawford Street,Parks
Bonjour Brioche,812 Queen Street E,Breakfast & Brunch; French
Te Aro,983 Queen Street E,Coffee & Tea; Cafes
Carousel Bakery,93 Front Street E,Sandwiches; Bakeries
Luma,350 King Street W,Canadian (New); Lounges
I’ll Be Seeing You,747 Queen Street E,Cocktail Bars; Comfort Food
Nu Bügel,240 Augusta Avenue,Bagels
The Shore Club - Toronto,155 Wellington Street W,Seafood; Steakhouses; Cocktail Bars
Restaurant La Banane,227 Ossington Avenue,French; Seafood; Bistros
Olive + Lemon,3604 Major MacKenzie Dr W,Italian; Pizza; Seafood
Ozzy’s Burgers Vaughan,3175 Rutherford Road,Burgers
Gyubee Japanese Grill - Bloor,335 Bloor Street W,Barbeque; Steakhouses; Japanese
Gyubee Japanese Grill - Dundas,157 Dundas St W,Barbeque; Japanese
Dolce Gelato,697 College Street,Ice Cream & Frozen Yogurt; Desserts; Coffee & Tea
Museum Tavern,208 Bloor Street W,American (Traditional)
Guu Izakaya Toronto,1314 Queen Street W,Japanese; Tapas Bars; Sushi Bars
Rhum Corner,926 Dundas Street W,Caribbean; Salad; Cocktail Bars
Trattoria Taverniti,591 College Street,Italian; Pizza
Michael’s on Simcoe,100 Simcoe Street,Steakhouses; Italian; Seafood
Tokyo Kitchen,20 Charles Street E,Japanese
Bobbette & Belle,1121 Queen Street E,Caterers; Bakeries; Desserts
Crown Princess Fine Dining,1033 Bay Street,Dim Sum
Asian Legend,418 Dundas Street W,Dim Sum
Indian Spice Room,717 Queen Street E,Vegetarian; Indian
Aanch Modernistic Indian Cuisine,259 Wellington St W,Indian
Gyubee Japanese Grill - Bloor,335 Bloor Street W,Japanese; Steakhouses; Barbeque
Gyubee Japanese Grill - Dundas,157 Dundas St W,Barbeque; Japanese
Stout Irish Pub,221 Carlton Street,Pubs; Irish
The Good Son,1096 Queen Street W,Pizza; Cocktail Bars
Communist’s Daughter,1149 Dundas Street W,Bars
Chino Locos Original,4 Greenwood Avenue,Mexican
Cibo Wine Bar,522 King Street W,Wine Bars; Italian
Smoke’s Poutinerie,218 Adelaide Street W,Fast Food; Poutineries
Fran’s Restaurant,20 College Street,Diners; Breakfast & Brunch; American (Traditional)
Thai Country Kitchen,412 Spadina Ave,Thai; Noodles
Utsav,69 Yorkville Ave,Food Delivery Services; Indian
Fahrenheit Coffee,529 Richmond Street W,Coffee & Tea
RYUS Noodle Bar,669 Queen Street W,Ramen
Spice Club Indian Cuisine,4532 Kingston Road,Indian
Gyubee Japanese Grill - Bloor,335 Bloor Street W,Steakhouses; Barbeque; Japanese
Indian Spice Room,717 Queen Street E,Indian; Vegetarian
Versus Coffee,70 Adelaide Street E,Coffee & Tea
Tilt Arcade Bar,824 Dundas Street West,Arcades; Bars
Pho Hung,350 Spadina Avenue,Vietnamese
Bar Sybanne,229 Ossington Avenue,Mediterranean; Moroccan; Middle Eastern
Northwood,815 W Bloor Street,Cafes; Cocktail Bars
Doomie’s Toronto,1346 Queen St W,Vegan; Vegetarian
Pearl Harbourfront Chinese Cuisine,207 Queens Quay W,Dim Sum; Seafood; Noodles
Death in Venice Gelato,1418 Dundas West,Ice Cream & Frozen Yogurt
Istanbul Cafe & Espresso Bar,174 Eglinton Avenue E,Coffee & Tea; Turkish; Internet Cafes
Ruth’s Chris Steak House,145 Richmond Street W,Steakhouses; Seafood; Lounges
Gyubee Japanese Grill - Dundas,157 Dundas St W,Japanese; Barbeque
Aanch Modernistic Indian Cuisine,259 Wellington St W,Indian
Gyubee Japanese Grill - Bloor,335 Bloor Street W,Barbeque; Steakhouses; Japanese
Olive + Lemon,3604 Major MacKenzie Dr W,Pizza; Seafood; Italian
Fieramosca,36A Prince Arthur Avenue,Italian
Suite 114,116 Dundas Street W,Cocktail Bars
O.Noir,620 Church St,Canadian (New)
The Lakeview,1132 Dundas Street W,Diners; Canadian (New)
Poutini’s House of Poutine,1112 Queen Street W,Fast Food; Poutineries
Madras Masala,796 Bloor Street W,Indian
Formocha,55 Eglinton Avenue E,Coffee & Tea
W Burger Bar,10 College Street,Burgers; Breakfast & Brunch; Bars
Carmen,922 Queen Street W,Spanish
Tango Palace Coffee Company,1156 Queen Street E,Coffee & Tea
Gyubee Japanese Grill - Dundas,157 Dundas St W,Barbeque; Japanese
Ozzy’s Burgers Vaughan,3175 Rutherford Road,Burgers
Spice Club Indian Cuisine,4532 Kingston Road,Indian
Gyubee Japanese Grill - Bloor,335 Bloor Street W,Barbeque; Japanese; Steakhouses
When The Pig Came Home,3035 Dundas Street W,Delicatessen; Sandwiches
Dutch Dreams,36 Vaughan Road,Ice Cream & Frozen Yogurt
Sam James Coffee Bar,150 King Street W,Coffee & Tea
The Keg Steakhouse & Bar,560 King Street W,Steakhouses; Bars
Dimmi Bar & Trattoria,140 Cumberland St,Italian; Venues & Event Spaces
Forget Me Not Cafe,883 Wilson Avenue,Vietnamese
Bindia Indian Bistro,16 Market Street,Indian
Barsa Taberna,26 Market Street,Tapas Bars
The Oxley,121 Yorkville Avenue,Gastropubs
To-ne Sushi,414 Queen Street W,Japanese; Sushi Bars; Asian Fusion
Flame Food+Design,2197 Bloor Street W,Canadian (New); Turkish
Indian Spice Room,717 Queen Street E,Indian; Vegetarian
Gyubee Japanese Grill - Bloor,335 Bloor Street W,Barbeque; Japanese; Steakhouses
Olive + Lemon,3604 Major MacKenzie Dr W,Pizza; Seafood; Italian
Nathan Phillips Square,100 Queen Street W,Landmarks & Historical Buildings
Carbonic Coffee,37 Baldwin Street,Coffee & Tea; Coffee Roasteries; Cafes
Medieval Times Toronto,10 Dufferin Street,Dinner Theater; American (Traditional)
Blu Ristorante,17 Yorkville Ave,Italian; Lounges
Chabrol Restaurant,90 Yorkville Avenue,French
Mr Pide,800 Danforth Avenue,Pizza; Turkish
Burrito Bandidos,2 Grosvenor Street,Mexican
Hot-Star,374A Yonge Street,Chicken Wings; Taiwanese; Fast Food
Tokyo Sushi,33 St Joseph Street,Sushi Bars; Japanese
The Tilted Dog Pub & Kitchen,424 Parliament Street,Sandwiches; Pubs
Dönerland,217 Roncesvalles Avenue,Kebab; Mediterranean; Halal
Gyubee Japanese Grill - Bloor,335 Bloor Street W,Japanese; Steakhouses; Barbeque
Ozzy’s Burgers Vaughan,3175 Rutherford Road,Burgers
Aanch Modernistic Indian Cuisine,259 Wellington St W,Indian
Gyugyuya,177 Dundas Street W,Japanese; Fast Food
KINTON RAMEN,402 Queen St W,Ramen
Koyoi Restaurant & Bar,2 Irwin Avenue,Japanese; Bars
Rolltation,2291 Yonge Street,Sushi Bars; Asian Fusion; Poke
Omai Restaurant,3 Baldwin Street,Japanese
Kupfert & Kim,100 King Street West,Vegetarian; Vegan; Gluten-Free
Lake Inez,1471 Gerrard Street E,Bars; Asian Fusion
The Keg Steakhouse + Bar - Esplanade,26 The Esplanade,Steakhouses; Bars; Seafood
Nami Restaurant,55 Adelaide Street E,Japanese; Seafood
La Chilaca Taqueria,214 Augusta Avenue,Mexican
Olive + Lemon,3604 Major MacKenzie Dr W,Italian; Seafood; Pizza
Gyubee Japanese Grill - Bloor,335 Bloor Street W,Japanese; Barbeque; Steakhouses
Aanch Modernistic Indian Cuisine,259 Wellington St W,Indian
Gyubee Japanese Grill - Dundas,157 Dundas St W,Japanese; Barbeque
Napoli Centrale,964 Bathurst Street,Italian; Pizza
Fuwa Fuwa Japanese Pancakes,2471 Yonge Street,Desserts; Patisserie/Cake Shop; Bakeries
The Burger’s Priest,3397 Yonge Street,Burgers
Sheherzade Persian Grill And Dizi,422 College St W,Persian/Iranian
Weslodge Bar & Grill,480 King Street W,Canadian (New); Cocktail Bars
One Love Vegetarian,854 Bathurst Street,Caribbean; Vegetarian
Sake Bar Kushi,257 Eglinton Avenue W,Japanese; Sushi Bars; Tapas Bars
JINYA Ramen Bar,399 Church Street,Ramen
Bazara Asian Cuisine,188 Ossington Avenue,Asian Fusion; Sushi Bars
Cinco Mexican Restaurant,131 Roncesvalles Ave,Mexican
Dönerland,217 Roncesvalles Avenue,Mediterranean; Halal; Kebab
Supernova Ballroom,330 Bay Street,Cocktail Bars
Tashi Delek Cafe,223 Jameson Avenue,Himalayan/Nepalese; Cafes
Gyubee Japanese Grill - Bloor,335 Bloor Street W,Steakhouses; Japanese; Barbeque
Uncle Tetsu’s Japanese Angel Cafe,191 Dundas Street W,Desserts; Patisserie/Cake Shop
illstyl3 Sammies,300 Richmond Street W,Cheesesteaks; Sandwiches
Figs and Olives Kitchen,24 Wellesley Street W,Mediterranean; Middle Eastern; Halal
Simit & Chai,787 King Street W,Coffee & Tea; Sandwiches; Bakeries
Mi Taco Taqueria,247 Queen Street W,Mexican
Tasty’s Caribbean Restaurant,405 Spadina Avenue,Caribbean
Venezia Bakery,114 Ossington Avenue,Bakeries; Delis
Kupfert & Kim,140 Spadina Avenue.,Gluten-Free; Vegetarian; Vegan
Morton’s The Steakhouse,4 Avenue Road,Steakhouses
Tre Mari Bakery,1311 Saint Clair Avenue W,Bakeries; Italian; Delicatessen
Panda Express,80 Weston Rd,Chinese
Ozzy’s Burgers Vaughan,3175 Rutherford Road,Burgers
Flame Food+Design,2197 Bloor Street W,Turkish; Canadian (New)
Supernova Ballroom,330 Bay Street,Cocktail Bars
Stelvio,791 Dundas Street W,Italian
Rialto Espresso Bar,266 Adelaide Street W,Coffee & Tea; Bakeries
El Almacen Yerba Mate Café,1078 Queen Street W,Coffee & Tea
Fresh on Eglinton,90 Eglinton Avenue E,Vegan; Salad; Juice Bars & Smoothies
Jin Dal Lae,647 Bloor Street W,Korean
R&D Restaurant,241 Spadina Avenue,Asian Fusion; Chinese
Naan & Kabob,691 Yonge Street,Afghan; Kebab
Smith,553 Church Street,Breakfast & Brunch; Canadian (New); Bars
Tiger Sugar,348A Yonge Street,Bubble Tea
Touhenboku Ramen Restaurant,261 Queen Street W,Ramen; Desserts
Tashi Delek Cafe,223 Jameson Avenue,Himalayan/Nepalese; Cafes
Aanch Modernistic Indian Cuisine,259 Wellington St W,Indian
Gyubee Japanese Grill - Bloor,335 Bloor Street W,Barbeque; Steakhouses; Japanese
Gyubee Japanese Grill - Dundas,157 Dundas St W,Barbeque; Japanese
Niuda Hand-Pulled Noodles,204 Queen St W,Chinese; Noodles
Sansotei Ramen,115 Fort York Boulevard,Ramen
Cacao 70,28 Gristmill Lane,Breakfast & Brunch; Chocolatiers & Shops
Millie Patisserie & Creamery,12 Oxley Street,Desserts; Bakeries; Ice Cream & Frozen Yogurt
Patisserie 27,401 Jane Street,Bakeries
Gladstone Hotel,1214 Queen Street W,Hotels; Lounges
Eggstatic,1568 bayview avenue,Breakfast & Brunch
Pig Out BBQ,650 Spadina Avenue,Barbeque; American (Traditional); Sandwiches
Golden Thai Restaurant,105 Church Street,Thai
Scaddabush Italian Kitchen & Bar,200 Front Street W.,Italian
Dönerland,217 Roncesvalles Avenue,Mediterranean; Halal; Kebab
Mayrik,1580 Bayview Avenue,Middle Eastern; Mediterranean
Ozzy’s Burgers Vaughan,3175 Rutherford Road,Burgers
Aanch Modernistic Indian Cuisine,259 Wellington St W,Indian
Cherry Street Bar-B-Que,275 Cherry Street,Barbeque
Little Piggy’s - Authentic Korean BBQ,469 Bloor St W,Korean; Barbeque
Pizzeria Libretto,545 King Street W,Pizza; Italian
Bar + Karaoke Lounge,360 Yonge Street,Karaoke; Bars
Umami Poke,1252 Yonge Street,Hawaiian; Seafood; Poke
Chipotle Mexican Grill,323 Yonge St,Mexican; Fast Food
Bloomer’s,873 Bloor Street W,Bakeries; Cafes; Vegan
Daan Go Pastry Lab,202 Baldwin street,Macarons; Desserts; Bakeries
Little Sister,2031 Yonge Street,Indonesian; Bars
Moliceiro Restaurant,217 Ossington Avenue,Portuguese
Il Ponte Cucina Italiana,625 Queen Street E,Italian
Gyubee Japanese Grill - Bloor,335 Bloor Street W,Steakhouses; Barbeque; Japanese
Flame Food+Design,2197 Bloor Street W,Canadian (New); Turkish
Indian Spice Room,717 Queen Street E,Vegetarian; Indian
Ajisen Ramen,332 Spadina Avenue,Ramen
Fushimi,491 Church Street,Japanese; Sushi Bars
Film Cafe by Eative,230 Augusta Avenue,Breakfast & Brunch; Coffee & Tea; Japanese
Hong Kong Bistro Cafe,472 Dundas Street W,Chinese; Cafes
The Cloak Bar,488 Wellington Street W,Cocktail Bars
Over Easy Restaurant,56 Yonge Street,Breakfast & Brunch
Crêpes à GoGo Spadina,750 Spadina Avenue,French; Cafes
Taverna Mercatto,120 Bremner Boulevard,Italian
Paramount Middle Eastern Kitchen,253 Yonge Street,Middle Eastern
Brick Street Bakery,27 Trinity Street,Bakeries
Olive + Lemon,3604 Major MacKenzie Dr W,Italian; Seafood; Pizza
Ozzy’s Burgers Vaughan,3175 Rutherford Road,Burgers
Aanch Modernistic Indian Cuisine,259 Wellington St W,Indian
Gyubee Japanese Grill - Bloor,335 Bloor Street W,Japanese; Steakhouses; Barbeque
John & Sons Oyster House,56 Temperance Street,Seafood
Pizza-Pide,949 Gerrard Street E,Pizza; Turkish
Old School,800 Dundas Street W,Breakfast & Brunch; American (Traditional)
Drake One Fifty,150 York Street,Cocktail Bars; Breakfast & Brunch; American (Traditional)
iQ,181 Bay Street,Coffee & Tea; Juice Bars & Smoothies; Health Markets
Nugateau Patisserie,717 Queen Street W,Bakeries; Desserts
Soco Kitchen and Bar,75 Lower Simcoe Street,Bars; Canadian (New)
Parka Food Co,424 Queen Street W,Comfort Food; Vegan; Burgers
Craig’s Cookies,1537 Queen Street W,Desserts
Shoushin,3328 Yonge Street,Japanese; Sushi Bars
Gyubee Japanese Grill - Dundas,157 Dundas St W,Barbeque; Japanese
Gyubee Japanese Grill - Bloor,335 Bloor Street W,Japanese; Barbeque; Steakhouses
Ozzy’s Burgers Vaughan,3175 Rutherford Road,Burgers
Spice Club Indian Cuisine,4532 Kingston Road,Indian
Union Social Eatery,21 Saint Clair Avenue W,American (Traditional); Canadian (New)
Baddies,679 Lansdowne Avenue,Coffee & Tea; Breakfast & Brunch; Cafes
La Société,131 Bloor Street W,French
Uncle Mikey’s,1597 Dundas Street W,Korean
Black Cat Espresso Bar,1104 College Street,Coffee & Tea; Sandwiches; Ice Cream & Frozen Yogurt
Oretta,633 King Street W,Italian; Bars
Rooster Coffee House,568 Jarvis Street,Coffee & Tea
Café Pamenar,307 Augusta Avenue,Coffee & Tea
La Palma,849 Dundas Street W,Italian
CC Lounge & Whisky Bar,45 Front Street E,Lounges; Cocktail Bars; Whiskey Bars
Dönerland,217 Roncesvalles Avenue,Mediterranean; Halal; Kebab
Ozzy’s Burgers Vaughan,3175 Rutherford Road,Burgers
Indian Spice Room,717 Queen Street E,Vegetarian; Indian
RYUS Noodle Bar,669 Queen Street W,Ramen
Danforth Pizza House,920 Danforth Avenue,Pizza
Fusaro’s,294 Richmond Street E,Italian; Pizza
Ki Modern Japanese + Bar,181 Bay Street,Japanese; Sushi Bars
The Captain’s Boil,476 Yonge St,Seafood; Cajun/Creole; Asian Fusion
Omg Oh My Gyro,155 John Street,Halal; Falafel; Fast Food
Mallo,785 Bathurst Street,Coffee & Tea; Sandwiches
Donatello Restaurant,37 Elm Street,Italian; Seafood
Isabella’s Boutique Restaurant,2066 Queen St East,Japanese; Breakfast & Brunch; Desserts
Shangrila Tibetan & Asian Cuisine,1600 Queen Street W,Himalayan/Nepalese; Asian Fusion; Diners
Kawa Sushi,451 Church Street,Sushi Bars; Japanese
Dönerland,217 Roncesvalles Avenue,Kebab; Mediterranean; Halal
Gyubee Japanese Grill - Bloor,335 Bloor Street W,Steakhouses; Barbeque; Japanese
Gyubee Japanese Grill - Dundas,157 Dundas St W,Barbeque; Japanese
Indian Spice Room,717 Queen Street E,Indian; Vegetarian
Roll & Roll by JC Mart,136 Simcoe Street,Sushi Bars
Que Ling Restaurant,248 Boulton Avenue,Vietnamese
The Green Wood,1402 Queen Street E,Breakfast & Brunch
Echo Sushi,2036 Yonge Street,Sushi Bars; Japanese
The Bata Shoe Museum,327 Bloor Street W,Museums
Snakes & Lattes College,489 College Street,Bars; Cafes; Tabletop Games
Athens Restaurant,707 Danforth Avenue,Greek
La Cubana,392 Roncesvalles Avenue,Cuban
Demen Bistro,500 Queen Street W,Vietnamese; Bars
The Olde Yorke,96 Laird Drive,Seafood; Fish & Chips; British
Zaad,348 Bloor Street West,Middle Eastern
Aanch Modernistic Indian Cuisine,259 Wellington St W,Indian
Gyubee Japanese Grill - Bloor,335 Bloor Street W,Barbeque; Japanese; Steakhouses
Olive + Lemon,3604 Major MacKenzie Dr W,Italian; Pizza; Seafood
Bolet’s Burrito,134 Lower Sherbourne,Mexican
M’Zaar Restaurant,668 Yonge Street,Lebanese; Mediterranean
Marche Muvbox,181 Bay Street,Salad
El Furniture Warehouse - Bloor St,410 Bloor St West,American (Traditional); Bars; Comfort Food
Reds Midtown Tavern,382 Yonge Street,Wine Bars; Venues & Event Spaces; Argentine
Biff’s Bistro,4 Front Street E,French
Rosalinda,133 Richmond Street W,Mexican; Vegan
Pablo Cheesetart Canada,114 Dundas St W,Desserts
Opus Restaurant,37 Prince Arthur Avenue,Wine Bars; Modern European
SPIN Toronto,461 King St W,Cocktail Bars; Sports Clubs; American (Traditional)
Gyubee Japanese Grill - Dundas,157 Dundas St W,Japanese; Barbeque
Gyubee Japanese Grill - Bloor,335 Bloor Street W,Steakhouses; Japanese; Barbeque
Ozzy’s Burgers Vaughan,3175 Rutherford Road,Burgers
Aanch Modernistic Indian Cuisine,259 Wellington St W,Indian
BeaverTails,145 Queen's Quay W,Desserts; Fast Food
Famoso Neapolitan,386 Bloor Street W,Pizza
Figo,295 Adelaide St W,Italian
The County General,936 Queen Street W,Bars; Canadian (New); Breakfast & Brunch
P.J. O’Brien Irish Pub and Restaurant,39 Colborne St,Pubs
Lee Chen Asian Bistro,813 Yonge Street,Dim Sum; Asian Fusion; Wine Bars
Queen St Warehouse,232 Queen St,Bars; Comfort Food; American (Traditional)
The Blake House,449 Jarvis Street,Pubs
Cold Tea,60 Kensington Avenue,Bars
Fresh on Crawford,894 Queen Street W,Vegan; Juice Bars & Smoothies; Burgers
Olive + Lemon,3604 Major MacKenzie Dr W,Pizza; Italian; Seafood
Gyubee Japanese Grill - Bloor,335 Bloor Street W,Steakhouses; Japanese; Barbeque
Ozzy’s Burgers Vaughan,3175 Rutherford Road,Burgers
Dönerland,217 Roncesvalles Avenue,Kebab; Halal; Mediterranean
King’s Café,192 Augusta Avenue,Chinese; Vegetarian
Emporium Latino,243 Augusta Ave,Latin American; Imported Food
Lao Thai Restaurant,4 Gladstone Avenue,Thai; Laotian
Ascari Enoteca,1111 Queen Street E,Italian; Bars
Ristorante Sotto Sotto,120 Avenue Road,Italian
Portici,6 Scollard Street,Italian; Pizza; Cafes
Hey Lucy,295 King St. W.,Pizza; Breakfast & Brunch
Peter Pan Bistro,373 Queen Street W,Canadian (New); Bistros
Square Boy,875 Danforth Avenue,Burgers; Greek
SU&BU,106 John St,Japanese; Poke
Indian Spice Room,717 Queen Street E,Vegetarian; Indian
Ozzy’s Burgers Vaughan,3175 Rutherford Road,Burgers
"Ay Caramba, Eh",65-3540 Rutherford Road,Latin American; Mexican
Falafel Plus,1065 Canadian Pl,Middle Eastern; Halal
Hogtown Vegan,382 College Street,Vegan
Golden Patty,187 Baldwin Street,Bakeries
Dark Horse Espresso Bar,630 Queen Street E,Coffee & Tea
Nobuya,285 Royal York Road,Japanese
Fune Japanese Restaurant,100 Simcoe Street,Japanese; Sushi Bars
Rikkochez,341 Danforth Avenue,Mediterranean; Middle Eastern
Sorry Coffee,102 Bloor Street W,Coffee & Tea
Douce France,820 Danforth Avenue,Chocolatiers & Shops; French
Hacienda las Américas,424 College Street,Mexican
Yueh Tung Restaurant,126 Elizabeth Street,Hakka; Breakfast & Brunch
Espinas Restaurant,6080 Yonge St.,Mediterranean; Middle Eastern; Persian/Iranian
Gyubee Japanese Grill - Bloor,335 Bloor Street W,Barbeque; Japanese; Steakhouses
Supernova Ballroom,330 Bay Street,Cocktail Bars
Espinas Restaurant,6080 Yonge St.,Mediterranean; Persian/Iranian; Middle Eastern
Mi Mi Restaurant,688 Gerrard Street E,Vietnamese
Imonay House Restaurant,665 Bloor Street W,Korean
Hapa Toronto,602 College Street,Japanese
Giulietta,972 College Street W,Italian
Paldo Gangsan,694 Bloor Street W,Korean
Local 1794,1794 Danforth Avenue,Canadian (New); Gastropubs
Mermaid Fish and Grill House,44 St Clair Avenue E,Seafood; Fish & Chips; Mediterranean
7 Numbers Restaurant,516 Eglinton Avenue W,Italian
Wallace Espresso,188 Wallace Avenue,Coffee & Tea; Cafes
‘ONO Poké Bar,100 Western Battery Road,Hawaiian; Sushi Bars; Poke
Flame Food+Design,2197 Bloor Street W,Turkish; Canadian (New)
Gyubee Japanese Grill - Bloor,335 Bloor Street W,Steakhouses; Japanese; Barbeque
Ozzy’s Burgers Vaughan,3175 Rutherford Road,Burgers
Aanch Modernistic Indian Cuisine,259 Wellington St W,Indian
Her Chef,599 Bloor Street W,Asian Fusion; Poke; Chicken Shop
Isaan Der,2961 Dundas Street W,Thai
Yorkville Crepes,18 Yorkville Avenue,Creperies; Cafes; Desserts
The Walton,607 College Street,Cocktail Bars
Noodle King,123 Queen Street W,Chinese; Noodles
Manic Coffee,426 College St,Coffee & Tea
Page One,106 Mutual Street,Cafes; Bars; Venues & Event Spaces
Five Doors North,2088 Yonge Street,Italian
Daddyo’s Pasta & Salads,673 Spadina Avenue,Italian
Imanishi Japanese Kitchen,1330 Dundas Street W,Japanese
Olive + Lemon,3604 Major MacKenzie Dr W,Seafood; Italian; Pizza
Gyubee Japanese Grill - Bloor,335 Bloor Street W,Japanese; Barbeque; Steakhouses
Aanch Modernistic Indian Cuisine,259 Wellington St W,Indian
Gyubee Japanese Grill - Dundas,157 Dundas St W,Japanese; Barbeque
Chiado,864 College Street,Seafood; Portuguese
9 Bars,46 St. Clair Avenue E,Cafes; Sandwiches; Desserts
Akai Sushi,168 Major Street,Japanese; Sushi Bars
Crown & Dragon Pub,890 Yonge Street,Pubs
Storm Crow Manor,580 Church Street,Bars
Library Bar,100 Front Street W,Lounges; Canadian (New); Diners
Cafe de Melbourne,193 Church Street,Coffee & Tea
Bampot House of Tea & Board Games,201 Harbord Street,Tea Rooms; Vegetarian
RH Toronto Courtyard Café,Located in Yorkdale Shopping Centre,Breakfast & Brunch; Salad
Rise & Dine Eatery,2714 St. Clair Avenue E,Breakfast & Brunch
Spice Club Indian Cuisine,4532 Kingston Road,Indian
Gyubee Japanese Grill - Bloor,335 Bloor Street W,Steakhouses; Japanese; Barbeque
Ozzy’s Burgers Vaughan,3175 Rutherford Road,Burgers
Spice Club Indian Cuisine,4532 Kingston Road,Indian
Saffron Spice Kitchen,459 Queen Street W,Indian; Soup; Sandwiches
Baro,485 King Street W,Cocktail Bars; Chicken Wings; Latin American
Pho Rua Vang Golden Turtle,125 Ossington Avenue,Vietnamese
The Old Spaghetti Factory,54 The Esplanade,Italian
Korean Grill House,214 Queen Street W,Korean
Red Rocket Coffee,1364 Danforth Avenue,Desserts; Coffee & Tea
Mustafa Turkish Pizza,866 Wilson Avenue,Turkish
Bunner’s Bakeshop,244 Augusta Avenue,Bakeries; Vegan; Gluten-Free
Flaming Stove,21 Davisville Avenue,Middle Eastern; Diners; Breakfast & Brunch
Sea Witch Fish and Chips,636 Saint Clair Avenue W,Fish & Chips
Dönerland,217 Roncesvalles Avenue,Kebab; Mediterranean; Halal
Indian Spice Room,717 Queen Street E,Indian; Vegetarian
Gyubee Japanese Grill - Bloor,335 Bloor Street W,Steakhouses; Barbeque; Japanese
Olive + Lemon,3604 Major MacKenzie Dr W,Pizza; Italian; Seafood
Gryfe’s Bagel Bakery,3421 Bathurst Street,Bagels
Rendez-Vous,1408 Danforth Avenue,Ethiopian
Caffino Ristorante,1185 King Street W,Italian
Mr.Tonkatsu,548 Yonge Street,Japanese; Korean
Udupi Palace,1460 Gerrard Street E,Indian; Vegetarian; Gluten-Free
Jz’s Pizza,232 Wellington Street W,Pizza; Italian
Basil Box,441 Queen Street W,Vietnamese; Thai; Gluten-Free
DAVIDsTEA,278A Queen Street W,Tea Rooms
Kalendar,546 College Street,Italian; Breakfast & Brunch; French
Ufficio,1214 Dundas Street W,Seafood; Vegetarian; Cocktail Bars
Dönerland,217 Roncesvalles Avenue,Kebab; Halal; Mediterranean
Gyubee Japanese Grill - Bloor,335 Bloor Street W,Barbeque; Steakhouses; Japanese
Spice Club Indian Cuisine,4532 Kingston Road,Indian
Dönerland,217 Roncesvalles Avenue,Halal; Mediterranean; Kebab
Ravi Soups,1128 Queen Street W,Soup
Hailed Coffee,801 Gerrard Street E,Coffee & Tea; Desserts
Hollywood Gelato,1640 Bayview Avenue,Ice Cream & Frozen Yogurt
Jump Restaurant,18 Wellington Street W,Canadian (New); Wine Bars
Knuckle Sandwich,969 Coxwell Avenue,Poutineries; Sandwiches
Harvest Kitchen,124 Harbord Street,Canadian (New); Bars
Sunny Morning,1392 Yonge Street,Breakfast & Brunch
Labothéry,717 Bay Street,Bubble Tea
Get Well,1181 Dundas Street W,Dive Bars
Playa Cabana Cantina,2883 Dundas Street W,Mexican
Indian Spice Room,717 Queen Street E,Indian; Vegetarian
Ozzy’s Burgers Vaughan,3175 Rutherford Road,Burgers
Gyubee Japanese Grill - Bloor,335 Bloor Street W,Japanese; Steakhouses; Barbeque
Flame Food+Design,2197 Bloor Street W,Canadian (New); Turkish
El Pocho Antojitos Bar,2 Follis Avenue,Bars; Breakfast & Brunch; Mexican
Té,70 Ossington Avenue,Asian Fusion; Taiwanese; Korean
Pray Tell,838 College Street,Cocktail Bars; Tapas/Small Plates; Breakfast & Brunch
Barista & Chef,1006 Saint Clair Avenue W,Mediterranean
Cauldron Ice Cream,502 Queen Street W,Ice Cream & Frozen Yogurt
Pancer’s Original Deli,3856 Bathurst Street,Delis
Aziza Cafe,870 College Street,Coffee & Tea; Juice Bars & Smoothies; Breakfast & Brunch
Aroma Fine Indian Cuisine,287 King St W,Indian
DonDon Izakaya,130 Dundas Street West,Japanese; Tapas Bars
Pravda Vodka Bar,44 Wellington St E,Lounges; Russian
Indian Spice Room,717 Queen Street E,Vegetarian; Indian
Aanch Modernistic Indian Cuisine,259 Wellington St W,Indian
Gyubee Japanese Grill - Bloor,335 Bloor Street W,Steakhouses; Japanese; Barbeque
Olive + Lemon,3604 Major MacKenzie Dr W,Italian; Pizza; Seafood
Ritz Caribbean Foods,450 Yonge Street,Caribbean
Lick It Gelato,250 Queens Quay W,Desserts; Ice Cream & Frozen Yogurt
Handlebar,159 Augusta Avenue,Bars; Dance Clubs; Music Venues
Ethiopian House Restaurant,4 Irwin Avenue,Ethiopian
Cool Runnings Restaurant,146 Main Street,Caribbean
Kasa Moto,115 Yorkville Avenue,Japanese; Sushi Bars
Zuki Japanese Restaurant,2030 Eglinton Avenue W,Japanese; Sushi Bars
The Danish Pastry House,65 Front Street W,Bakeries; Patisserie/Cake Shop
Souv Like,708 Pape Avenue,Greek
Bolan Thai Cuisine,709 Mount Pleasant Road,Thai; Desserts; Noodles
Gyubee Japanese Grill - Dundas,157 Dundas St W,Barbeque; Japanese
Flame Food+Design,2197 Bloor Street W,Turkish; Canadian (New)
Indian Spice Room,717 Queen Street E,Vegetarian; Indian
RYUS Noodle Bar,669 Queen Street W,Ramen
The Only Cafe,972 Danforth Avenue,Pubs
Leela Indian Food Bar,3108 Dundas Street W,Indian
La Diperie,372 Danforth Avenue,Ice Cream & Frozen Yogurt
Virtuous Pie,611 College Street,Pizza; Salad; Tapas/Small Plates
Nando’s Flame Grilled Chicken,832 Bay St.,Portuguese; South African
Uncle Tetsu’s Japanese Bake,596 Bay Street,Desserts; Bakeries
Loch & Quay,390 Queens Quay W,Canadian (New); Lounges
Kid Lee,Located in First Canadian Place,Asian Fusion; Singaporean
Buna’s Kitchen,388 Richmond Street W,Sandwiches; Salad
Sushi On Bloor,525 Bloor Street W,Sushi Bars
Gyubee Japanese Grill - Dundas,157 Dundas St W,Japanese; Barbeque
