,Name,Address,Cusine
0,Gyubee Japanese Grill - Dundas,157 Dundas St W,Japanese; Barbeque
1,Indian Spice Room,717 Queen Street E,Vegetarian; Indian
2,Olive + Lemon,3604 Major MacKenzie Dr W,Seafood; Pizza; Italian
3,Pai Northern Thai Kitchen,18 Duncan Street,Thai
4,Seven Lives Tacos Y Mariscos,69 Kensington Avenue,Mexican
5,KINKA IZAKAYA ORIGINAL,398 Church St,Japanese; Pubs
6,Banh Mi Boys,392 Queen Street W,Vietnamese; Sandwiches
7,Richmond Station,1 Richmond Street W,Canadian (New)
8,Byblos,11 Duncan Street,Mediterranean; Middle Eastern
9,Bang Bang Ice Cream and Bakery,93a Ossington Avenue,Desserts; Ice Cream & Frozen Yogurt
10,Khao San Road,11 Charlotte Street,Thai
11,Ramen Isshin,421 College Street,Ramen
12,Blaze Fast-Fired Pizza,10 Dundas Street East,Pizza; Salad; Fast Food
13,Flame Food+Design,2197 Bloor Street W,Canadian (New); Turkish
14,Ozzys Burgers Vaughan,3175 Rutherford Road,Burgers
15,Spice Club Indian Cuisine,4532 Kingston Road,Indian
16,Pearl Diver,100 Adelaide Street E,Seafood; Comfort Food; Breakfast & Brunch
17,Fahrenheit Coffee,120 Lombard Avenue,Coffee & Tea
18,The Stockyards,699 St. Clair Avenue W,American (Traditional); Barbeque; Burgers
19,Mildreds Temple Kitchen,85 Hanna Avenue,Breakfast & Brunch; Canadian (New)
20,Ripleys Aquarium of Canada,288 Bremner Blvd,Aquariums
21,Scaramouche Restaurant Pasta Bar & Grill,1 Benvenuto Place,French; Bars
22,JaBistro,222 Richmond Street W,Japanese; Sushi Bars
23,Lee Restaurant,601 King Street W,Asian Fusion
24,Katsuya,66 Gerrard Street E,Japanese; Asian Fusion
25,Hokkaido Ramen Santouka,91 Dundas Street E,Ramen; Noodles
26,Dönerland,217 Roncesvalles Avenue,Kebab; Mediterranean; Halal
27,Olive + Lemon,3604 Major MacKenzie Dr W,Italian; Pizza; Seafood
28,Gyubee Japanese Grill - Bloor,335 Bloor Street W,Barbeque; Japanese; Steakhouses
29,Dönerland,217 Roncesvalles Avenue,Mediterranean; Kebab; Halal
30,Eggspectation,483 Bay Street,Breakfast & Brunch; Juice Bars & Smoothies
31,Alo Restaurant,163 Spadina Avenue,Bars; French
32,Frescos Fish & Chips,201 Augusta Avenue,Fish & Chips; Chicken Wings; Sandwiches
33,Tinuno,31 Howard Street,Filipino
34,GB Hand-pulled Noodles,66 Edward Street,Chinese; Noodles
35,CN Tower,301 Front St W,Landmarks & Historical Buildings; Observatories
36,Bar Isabel,797 College Street,Spanish; Tapas Bars
37,KINKA IZAKAYA ANNEX,559 Bloor St W,Japanese; Tapas/Small Plates; Pubs
38,Wilbur Mexicana,552 King Street W,Mexican
39,Banh Mi Boys,399 Yonge Street,Vietnamese; Asian Fusion
40,Dönerland,217 Roncesvalles Avenue,Kebab; Halal; Mediterranean
41,Juicy Dumpling,280 Spadina Ave,Dim Sum; Dumplings
42,Ravi Soups,322 Adelaide Street W,Sandwiches; Soup
43,Black Camel,4 Crescent Road,Sandwiches
44,Adamson Barbecue,176 Wicksteed Avenue,Barbeque
45,Mystic Muffin,113 Jarvis Street,Sandwiches; Middle Eastern; Coffee & Tea
46,Saku Sushi,478 Queen Street W,Sushi Bars; Japanese
47,Beerbistro,18 King Street E,Bistros; Beer Bar
48,Descendant Detroit Style Pizza,1168 Queen Street E,Pizza
49,BarChef,472 Queen Street W,Lounges; Cocktail Bars
50,Emmas Country Kitchen,810 Saint Clair Avenue W,Breakfast & Brunch; Bakeries; Comfort Food
51,Flame Food+Design,2197 Bloor Street W,Turkish; Canadian (New)
52,Gyubee Japanese Grill - Bloor,335 Bloor Street W,Japanese; Barbeque; Steakhouses
53,Olive + Lemon,3604 Major MacKenzie Dr W,Pizza; Seafood; Italian
54,Soma Chocolatemaker,443 King Street West,Chocolatiers & Shops; Ice Cream & Frozen Yogurt; Desserts
55,Sansotei,650 Yonge Street,Ramen
56,The Keg Steakhouse + Bar - Mansion,515 Jarvis Street,Steakhouses; Bars; Seafood
57,AGO - Art Gallery of Ontario,317 Dundas Street W,Art Museums
58,Tsujiri,147 Dundas Street,Tea Rooms; Ice Cream & Frozen Yogurt; Desserts
59,Tibet Kitchen,1544 Queen Street W,Himalayan/Nepalese
60,Café Polonez,195 Roncesvalles Avenue,Polish
61,Beast Restaurant,96 Tecumseth Street,Canadian (New); Breakfast & Brunch
62,Lamesa Filipino Kitchen,634 St Clair Avenue W,Filipino
63,Royal Ontario Museum,100 Queen's Park,Museums
64,Gyubee Japanese Grill - Dundas,157 Dundas St W,Barbeque; Japanese
65,Aanch Modernistic Indian Cuisine,259 Wellington St W,Indian
66,Ikkousha Ramen,249 Queen Street W,Ramen
67,Japango,122 Elizabeth Street,Sushi Bars
68,Wow Sushi,11 Charles Street,Sushi Bars
69,Nadege,780 Queen Street W,Desserts; Macarons; Patisserie/Cake Shop
70,Aloette,163 Spadina Avenue,French; Bistros; Diners
71,Le Sélect Bistro,432 Wellington Street W,French; Coffee & Tea; Breakfast & Brunch
72,Mira,420A Wellington Street W,Peruvian
73,Salad King Restaurant,340 Yonge Street,Thai
74,Yuzu No Hana,236 Adelaide Street W,Sushi Bars; Japanese
75,Hibiscus,238 Augusta Avenue,Vegan; Vegetarian; Gluten-Free
76,Olive + Lemon,3604 Major MacKenzie Dr W,Pizza; Italian; Seafood
77,Dönerland,217 Roncesvalles Avenue,Halal; Kebab; Mediterranean
78,Grand Electric,1330 Queen Street W,Bars; Mexican
79,Sabai Sabai Kitchen and Bar,81 Bloor Street E,Laotian; Thai; Bars
80,Bannock,401 Bay Street,Canadian (New); Sandwiches; Breakfast & Brunch
81,Poke Guys,112 Elizabeth Street,Hawaiian; Poke
82,Evas Original Chimneys,454 Bloor Street W,Desserts; Bakeries; Ice Cream & Frozen Yogurt
83,Bar Raval,505 College Street,Spanish; Tapas/Small Plates; Cocktail Bars
84,Cluck Clucks,222 The Esplanade,Chicken Shop; Comfort Food; Sandwiches
85,Barque Smokehouse,299 Roncesvalles Avenue,Barbeque; Smokehouse
86,Ruby Watchco,730 Queen Street E,Canadian (New)
87,Nuit Social,1168 Queen Street W,Cocktail Bars; Modern European; Canadian (New)
88,Gyubee Japanese Grill - Bloor,335 Bloor Street W,Barbeque; Steakhouses; Japanese
89,The Carbon Bar,99 Queen Street E,Barbeque; Bars; American (Traditional)
90,La Bella Managua,872 Bloor Street W,Latin American; Nicaraguan
91,Agio,1351 St Clair Avenue W,Italian
92,Snakes & Lattes Annex,600 Bloor Street W,Bars; Cafes
93,La Carnita,501 College Street,Mexican
94,Sukhothai,274 Parliament Street,Thai; Noodles
95,The Keg Steakhouse + Bar,165 York Street,Steakhouses; Bars; Seafood
96,Planta Yorkville,1221 Bay Street,Tapas/Small Plates; Pizza; Cocktail Bars
97,Pow Wow Cafe,213 Augusta Avenue,Canadian (New); Cafes
98,Burrito Boyz,224 Adelaide Street W,Mexican
99,Gyubee Japanese Grill - Bloor,335 Bloor Street W,Steakhouses; Japanese; Barbeque
100,RYUS Noodle Bar,669 Queen Street W,Ramen
101,Momofuku Noodle Bar,190 University Avenue,Ramen; Noodles
102,Hanmoto,2 Lakeview Avenue,Japanese; Asian Fusion
103,Ryus Noodle Bar,786 Broadview Avenue,Ramen
104,The Haam,342 Adelaide St W,Japanese; Mexican; Sushi Bars
105,Swatow Restaurant,309 Spadina Avenue,Chinese
106,FIKA,28 Kensington Avenue,Coffee & Tea; Sandwiches; Desserts
107,The Burgers Priest,463 Queen Street W,Burgers
108,Moon Bean Coffee Company,30 St. Andrew Street,Coffee & Tea; Coffee Roasteries
109,Icha Tea,235 Spadina Avenue,Coffee & Tea; Desserts
110,Tofu Village - House of Soon Tofu,681 Bloor Street W,Korean
111,Gyubee Japanese Grill - Bloor,335 Bloor Street W,Japanese; Steakhouses; Barbeque
112,White Brick Kitchen,641 Bloor Street W,Breakfast & Brunch; Comfort Food
113,Rustle & Still Café,605 Bloor Street W,Coffee & Tea; Vietnamese
114,Takht-e Tavoos,1120 College Street,Persian/Iranian
115,Assembly Chefs Hall,111 Richmond Street W,Food Court
116,Pizzeria Libretto Danforth,550 Danforth Avenue,Pizza; Italian
117,Yummy Yummy Dumplings,79 Huron Street,Chinese; Dumplings; Soup
118,Levetto,68 Sudbury Street,Italian; Pizza; Salad
119,La Palette,492 Queen Street W,French; Desserts; Bars
120,Summers Ice Cream,101 Yorkville Avenue,Ice Cream & Frozen Yogurt; Desserts
121,La Cubana,92 Ossington Avenue,Cuban; Desserts; Sandwiches
122,Bar Buca,75 Portland Street,Bars; Italian; Breakfast & Brunch
123,The Poke Box,36 Toronto Street,Salad; Poke
124,Good Fork,1550 Dundas St W,Canadian (New)
125,Chubbys Jamaican Kitchen,104 Portland Street,Caribbean
126,Josos,202 Davenport Road,Seafood
127,Sugo,1279 Bloor Street W,Italian; Sandwiches; Cocktail Bars
128,Almond Butterfly Cafe & Bakeshop,100 Harbord Street,Bakeries; Cafes; Breakfast & Brunch
129,Korean Village Restaurant,628 Bloor Street W,Korean
130,Scaddabush Italian Kitchen & Bar,382 Yonge Street,"Wine Bars; Italian; Beer, Wine & Spirits"
131,Plentea,1205 Queen Street W,Coffee & Tea; Tea Rooms
132,Cluny Bistro & Boulangerie,35 Tank House Lane,French; Wine Bars; Cocktail Bars
133,Mengrai Thai,82 Ontario Street,Thai; Noodles
134,Sassafraz,100 Cumberland Street,French
135,Smoque N Bones,869 Queen Street W,Barbeque
136,Seor Ak San,357 Spadina Avenue,Korean
137,The Hogtown Vegan,1056 Bloor St. W,Vegan
138,Tachi,111 Richmond Street W,Sushi Bars; Japanese
139,Banjara Indian Cuisine,796 Bloor Street W,Indian
140,Apiecalypse Now!,735 Bloor Street W,Pizza; Vegan; Ice Cream & Frozen Yogurt
141,Trattoria Nervosa,75 Yorkville Avenue,Italian; Pizza; Salad
142,Veghed,1199 Dundas Street W,Vegan; Vegetarian
143,Tandem Coffee,368 King Street E,Coffee & Tea
144,Odd Seoul,90 Ossington Avenue,Korean; Dive Bars; Asian Fusion
145,Okonomi House Restaurant,23 Charles Street W,Japanese
146,HotBlack Coffee,245 Queen Street W,Coffee & Tea; Cafes; Breakfast & Brunch
147,Egg Bae,189 Augusta Avenue,Breakfast & Brunch
148,Imm Thai Kitchen,651 College Street,Thai; Noodles
149,Indie Ale House,2876 Dundas Street W,Breweries; Gastropubs; Pizza
150,Makkal Chon,1979 Lawrence Avenue E,Korean
151,STACK,3265 Yonge Street,Barbeque
152,Schnitzel Queen,211 Queen Street E,German; Sandwiches
153,White Lily Diner,678 Queen Street E,Breakfast & Brunch; Diners
154,Casa Loma,1 Austin Terrace,Museums
155,Completo,5 Coady Avenue,Latin American; Fast Food; Comfort Food
156,Mr.Tonkatsu,520 Bloor Street W,Japanese
157,The Burgers Priest,1636 Queen Street E,Burgers
158,Earls Kitchen + Bar,150 King Street West,Canadian (New); Cocktail Bars
159,Barberians Steak House,7 Elm Street,Steakhouses
160,Wongs Ice Cream & Store,617 Gerrard Street E,Ice Cream & Frozen Yogurt; Desserts
161,Levetto,382 Spadina Avenue,Pizza; Italian; Salad
162,Indian Spice Room,717 Queen Street E,Indian; Vegetarian
163,LUnita Enoteca,134 Avenue Road,Italian
164,Little Pebbles,160 Baldwin Street,Desserts; Coffee & Tea
165,Yummy Korean Food Restaurant,620 Bloor Street W,Korean
166,Sukho Thai,52 Wellington Street E,Thai
167,Como En Casa,565 Yonge Street,Mexican
168,Chatime - Dundas,132 Dundas Street W,Coffee & Tea
169,Union,72A Ossington Avenue,French; Wine Bars
170,King Taps,Located in First Canadian Place,Lounges; Canadian (New); Breakfast & Brunch
171,Cafe Crepe,246 Queen Street W,Creperies; Breakfast & Brunch; Coffee & Tea
172,Salad Days,2 Bloor Street W,Food Stands; Salad
173,Homemade Ramen,263 Spadina Avenue,Chinese; Noodles; Ramen
174,Honest Weight,2766 Dundas Street W,Seafood; Seafood Markets
175,Allan Gardens,19 Horticultural Avenue,Parks
176,Sweet Jesus,106 John Street,Desserts; Ice Cream & Frozen Yogurt; Coffee & Tea
177,Messini Authentic Gyros,445 Danforth Avenue,Greek; Sandwiches
178,The Irv Gastro Pub,195 Carlton Street,Burgers; Gastropubs
179,Soma Chocolatemaker,32 Tank House Lane,Chocolatiers & Shops; Ice Cream & Frozen Yogurt; Desserts
180,Chadwicks,268 Howland Avenue,Canadian (New); Comfort Food
181,Veggie DLight,160 Baldwin Street,Caribbean; Vegan; Gluten-Free
182,KINTON RAMEN,51 Baldwin Street,Ramen; Noodles
183,Dönerland,217 Roncesvalles Avenue,Mediterranean; Halal; Kebab
184,Gyubee Japanese Grill - Bloor,335 Bloor Street W,Steakhouses; Barbeque; Japanese
185,Woodlot Restaurant,293 Palmerston Avenue,Vegetarian; Canadian (New); Comfort Food
186,Pizzeria Libretto,155 University Avenue,Pizza; Italian
187,Logas Corner,216C Close Avenue,Himalayan/Nepalese
188,Fresh On Bloor,326 Bloor Street W,Vegan; Salad; Soup
189,iHalo Krunch,831 Queen Street W,Ice Cream & Frozen Yogurt
190,Si Lom Thai Bistro,534 Church Street,Thai; Noodles; Seafood
191,Le Gourmand,152 Spadina Avenue,Coffee & Tea; Breakfast & Brunch; Cafes
192,Forno Cultura,609 King Street W,Bakeries; Coffee & Tea
193,Tacos El Asador,689 Bloor Street W,Mexican; Latin American
194,Koh Lipe Thai Kitchen,35 Baldwin Street,Thai
195,Crepe TO,52 Church Street,Creperies
196,Early Bird Coffee & Kitchen,613 Queen Street W,Coffee & Tea; Breakfast & Brunch
197,Raku,456 Queen St W,Japanese; Noodles
198,The Dirty Bird Chicken + Waffles,79 Kensington Avenue,Chicken Shop; Waffles; Burgers
199,Ottos Bierhalle,1087 Queen Street W,German
200,Le Baratin,1600 Dundas Street. W,French
201,Live Organic Food Bar,264 Dupont Street,Live/Raw Food; Organic Stores; Juice Bars & Smoothies
202,Kintako Japanese Restaurant,214 Laird Drive,Japanese
203,Rolltation,207 Dundas Street W,Sushi Bars; Salad; Poke
204,Zaad,348 Bloor Street West,Middle Eastern
205,Carisma,15 Toronto Street,Italian
206,The Caledonian,856 College Street,Pubs; Scottish; Whiskey Bars
207,California Sandwiches,244 Claremont Street,Sandwiches
208,Jules Bistro,147 Spadina Avenue,French
209,The Wren,1382 Danforth Avenue,Bars; American (Traditional)
210,Pukka,778 St. Clair Avenue W,Indian
211,Butter Avenue,477 Queen Street W,Desserts; Bakeries; Macarons
212,Oyster Boy,872 Queen Street W,Seafood
213,Jimmys Coffee,107 Portland Street,Coffee & Tea
214,The Hole In the Wall,2867 Dundas Street W,Pubs; Canadian (New)
215,Le Petit Déjeuner,191 King Street E,Breakfast & Brunch; Belgian
216,House of Gourmet,484 Dundas St W,Chinese
217,Tabule Restaurant,2009 Yonge Street,Middle Eastern; Vegan; Vegetarian
218,KINTON RAMEN,396 Church Street,Ramen; Noodles
219,Jimmys Coffee,191 Baldwin Street,Coffee & Tea
220,Toronto Island,Toronto Island,Parks; Beaches
221,COO Café Bread or Rice,1049 Bloor Street W,Japanese; French
222,FUEL+,471 Church Street,Coffee & Tea; Organic Stores; Juice Bars & Smoothies
223,Jimmys Coffee,84 Gerrard Street W,Coffee & Tea
224,Arctic Bites,21 Baldwin Street,Ice Cream & Frozen Yogurt
225,Kiin,326 Adelaide Street W,Thai
226,Athens Pastries,509 Danforth Avenue,Bakeries; Mediterranean
227,Voodoo Child,388 College Street,Coffee & Tea; Cocktail Bars
228,Bosk,Located in Shangri-La Hotel,Canadian (New)
229,Local Liberty Village,171 E Liberty Street,Sports Bars; Breakfast & Brunch
230,The Fish Store & Sandwiches,657 College Street,Sandwiches; Seafood
231,Tabülè Middle Eastern Cuisine,810 Queen Street E,Middle Eastern
232,Mangia & Bevi,260 King Street E,Italian; Pizza
233,Epicure City BOM,72 Gerrard Street W,Korean
234,Nodo Restaurant,2885 Dundas Street West,Italian
235,Quantum Coffee,460 King Street W,Coffee & Tea
236,Loose Moose,146 Front Street West,Sports Bars; Gastropubs; Canadian (New)
237,Fabarnak Community Cafe and Catering,519 Church Street,Cafes; Caterers
238,Copacabana Brazilian Steak House,150 Eglinton Avenue E,Brazilian; Steakhouses
239,Lahore Tikka House,1365 Gerrard Street E,Halal; Pakistani
240,Little India Restaurant,255 Queen Street W,Indian; Buffets
241,Rudy,619 College Street,Burgers; Fast Food; Sandwiches
242,Mothers Dumplings,421 Spadina Avenue,Chinese
243,Gyu-Kaku Japanese BBQ,81 Church Street,Japanese; Barbeque; Asian Fusion
244,Onnki Donburi,40 Hayden Street,Japanese
245,"Ay Caramba, Eh",65-3540 Rutherford Road,Mexican; Latin American
246,Subway,671 Danforth Avenue,Fast Food; Sandwiches
247,Salad House,13 Hayden Street,Salad
248,Simones Caribbean Restaurant,596 Danforth Avenue,Caribbean
249,Café Boulud,Located in Four Seasons Toronto,Cafes; Desserts; French
250,Sala Modern Thai Kitchen & Bar,1262 Danforth Avenue,Thai; Asian Fusion
251,Akira Back,80 Blue Jays Way,Japanese; Korean; Asian Fusion
252,Grey Gardens,199 Augusta Avenue,Wine Bars; Canadian (New)
253,Cocktail Bar,923 Dundas St W,Bars
254,Campechano Taquería,504 Adelaide Street W,Mexican
255,de Mello Palheta,2489 Yonge Street,Coffee & Tea; Bakeries; Desserts
256,Boxcar Social,1208 Yonge Street,Wine Bars; Coffee & Tea
257,Supernova Ballroom,330 Bay Street,Cocktail Bars
258,Farmr Eatery & Catering,140 The Esplanade,Canadian (New); Gluten-Free; Vegetarian
259,Gio Ranas Really Really Nice Restaurant,1220 Queen Street East,Italian; Tapas/Small Plates
260,Cest What,67 Front Street E,Breweries; Music Venues; Canadian (New)
261,Himalayan Kitchen,1526 Queen Street W,Indian; Himalayan/Nepalese
262,Beach Hill Smokehouse,172 Main Street S,Barbeque; Desserts; Sandwiches
263,Real Sports,15 York Street,Sports Bars; Canadian (New)
264,Aunties & Uncles,74 Lippincott Street,Breakfast & Brunch
265,Zezafoun Syrian Cuisine,4 Manor Road E,Syrian; Middle Eastern; Arabian
266,Raijin Ramen,24 Wellesley Street W,Ramen; Noodles; Soup
267,Adega Restaurante,33 Elm St,Portuguese; Spanish
268,Tashi Delek Cafe,223 Jameson Avenue,Himalayan/Nepalese; Cafes
269,Buddhas Vegan Foods,666 Dundas Street W,Vegetarian; Chinese; Vegan
270,Avenue Open Kitchen,7 Camden Street,Diners; Delis; Sandwiches
271,ImPerfect Fresh Eats,318 Adelaide Street W,Salad; Juice Bars & Smoothies; Acai Bowls
272,Big Trouble Pizza,235 Spadina Avenue,Pizza
273,Wafels & More,237 Augusta Avenue,Breakfast & Brunch; Waffles; Belgian
274,Kitten and the Bear,1414 Dundas Street W,Coffee & Tea; Specialty Food
275,Balzacs Distillery District,1 Trinity Street,Coffee & Tea; Venues & Event Spaces; Coffee Roasteries
276,Patois Toronto,794 Dundas Street W,Chinese; Asian Fusion; Caribbean
277,Mon K Patisserie,1040 Coxwell Avenue,Coffee & Tea; Bakeries
278,Momo Hut & Gardens,401 Danforth Avenue,Himalayan/Nepalese
279,7 West Cafe,7 Charles Street W,Italian; Breakfast & Brunch; Bars
280,Bean and Baker Malt Shop,326 Harbord Street,Ice Cream & Frozen Yogurt; Coffee & Tea; Patisserie/Cake Shop
281,Queen Mother Cafe,208 Queen Street W,Asian Fusion; Thai
282,Mamakas Taverna,80 Ossington Avenue,Greek; Mediterranean
283,Good Hombres,374 Bathurst Street,Mexican
284,Ricardas Toronto,134 Peter St,Mediterranean; Italian; Breakfast & Brunch
285,Sakawa Coffee & Japanese Restaurant,867 Danforth Ave,Japanese
286,Mezes,456 Danforth Avenue,Greek; Mediterranean
287,Porchetta & Co,545 King Street W,Sandwiches
288,NEO COFFEE BAR,161 Frederick St,Coffee & Tea; Bakeries
289,Olive + Lemon,3604 Major MacKenzie Dr W,Seafood; Italian; Pizza
290,Mother India,1456 Queen Street W,Indian
291,Town Crier Pub,115 John St,Pubs; German
292,Fusaros Kitchen,147 Spadina Avenue,Italian; Pizza
293,Dukes Refresher + Bar,382 Yonge Street,Burgers; American (Traditional); Beer Bar
294,Our Spot,180 Baldwin Street,Breakfast & Brunch; Coffee & Tea
295,Fat Pasha,414 Dupont Street,Middle Eastern
296,Maker Pizza,59 Cameron Street,Pizza
297,Fudao noodle house,358 Spadina ave,Chinese; Noodles; Fast Food
298,Dark Horse Espresso,215 Spadina Avenue,Coffee & Tea
299,Bitondos Pizzeria,11 Clinton Street,Pizza; Italian
300,La Vecchia Ristorante,2405A Yonge Street,Italian; Seafood; Venues & Event Spaces
301,Terroni,720 Queen Street W,Italian; Pizza
302,Prohibition Gastrohouse - Queen,696 Queen Street E,Bars; American (Traditional)
303,The Shameful Tiki Room,1378 Queen W,Tiki Bars
304,Piedmont Coffee Bar,66 Isabella Street,Coffee & Tea
305,Wandas Pie In The Sky,287 Augusta Avenue,Bakeries; Desserts; Coffee & Tea
306,Canis,746 Queen Street W,Canadian (New); Wine Bars
307,Kevins Taiyaki,675 Bloor Street,Specialty Food; Asian Fusion; Japanese
308,Light Cafe,23 Baldwin Street,Cafes
309,Banh Mi Boys,2365 Yonge Street,Vietnamese; Asian Fusion
310,Reposado Bar & Lounge,136 Ossington Avenue,Tapas/Small Plates; Music Venues; Cocktail Bars
311,Pomegranate Restaurant,420 College Street,Middle Eastern; Persian/Iranian
312,Lai Wah Heen,Located in DoubleTree by Hilton Hotel Toronto Downtown,Dim Sum
313,Hothouse,35 Church Street,Italian; Bars; Venues & Event Spaces
314,Graffiti Alley,513 Queen Street W,Public Art
315,Pizzeria Via Mercanti,188 Augusta Avenue,Pizza; Italian
316,Gregs Ice Cream,750 Spadina Avenue,Ice Cream & Frozen Yogurt
317,Sushi & BBbop,384 Yonge Street,Sushi Bars; Korean; Japanese
318,Piano Piano,88 Harbord Street,Italian; Pizza
319,Foxley Bistro and Bar,207 Ossington Avenue,Asian Fusion; Tapas Bars
320,Black Canary Espresso Bar,329 Yonge Street,Coffee & Tea
321,Busters Sea Cove,93 Front Street E,Seafood
322,Dirty Food Eatery,3070 Dundas Street W,Breakfast & Brunch; Comfort Food
323,Frankies,994 Queen Street W,Breakfast & Brunch; Diners
324,Mos Mos,25 King Street W,Cafes; Coffee & Tea
325,Kit Kat Italian Bar & Grill,297 King Street W,Italian; Mediterranean
326,Dessert Lady Café,12 Cumberland St,Bakeries; Desserts
327,Evviva Breakfast & Lunch - Downtown Toronto,25 Lower Simcoe,Breakfast & Brunch
328,Rooster Coffee House,343 King Street E,Coffee & Tea; Sandwiches
329,Sud Forno,716 Queen Street W,Italian; Bakeries; Sandwiches
330,Utopia Café & Grill,586 College St,Tex-Mex; Burgers
331,Gushi Japanese Street Food,707 Dundas Street W,Street Vendors; Japanese
332,Lee Chen Asian Bistro,214 King Street W,Dim Sum; Asian Fusion
333,Ozzys Burgers,66 Nassau St,Burgers; Sandwiches; Fast Food
334,Chicas Nashville Hot Chicken,2853 Dundas Street W,Chicken Shop; Southern
335,The Lockhart,1479 Dundas Street W,Bars
336,Holy Chuck,1450 Yonge Street,Burgers
337,Souk Tabule,494 Front Street E,Middle Eastern; Salad; Soup
338,Khmer Thai Restaurant,1018 St Clair Avenue W,Thai; Cambodian
339,JOEY Yorkdale,305 - B 3401 Dufferin St,Canadian (New); Lounges
340,Pinkys Ca Phe,53 Clinton Street,Vietnamese
341,Trinity Bellwoods Park,155 Crawford Street,Parks
342,Bonjour Brioche,812 Queen Street E,Breakfast & Brunch; French
343,Te Aro,983 Queen Street E,Coffee & Tea; Cafes
344,Carousel Bakery,93 Front Street E,Sandwiches; Bakeries
345,Luma,350 King Street W,Canadian (New); Lounges
346,Ill Be Seeing You,747 Queen Street E,Cocktail Bars; Comfort Food
347,Nu Bügel,240 Augusta Avenue,Bagels
348,The Shore Club - Toronto,155 Wellington Street W,Seafood; Steakhouses; Cocktail Bars
349,Restaurant La Banane,227 Ossington Avenue,French; Seafood; Bistros
350,Dolce Gelato,697 College Street,Ice Cream & Frozen Yogurt; Desserts; Coffee & Tea
351,Museum Tavern,208 Bloor Street W,American (Traditional)
352,Guu Izakaya Toronto,1314 Queen Street W,Japanese; Tapas Bars; Sushi Bars
353,Rhum Corner,926 Dundas Street W,Caribbean; Salad; Cocktail Bars
354,Trattoria Taverniti,591 College Street,Italian; Pizza
355,Michaels on Simcoe,100 Simcoe Street,Steakhouses; Italian; Seafood
356,Tokyo Kitchen,20 Charles Street E,Japanese
357,Bobbette & Belle,1121 Queen Street E,Caterers; Bakeries; Desserts
358,Crown Princess Fine Dining,1033 Bay Street,Dim Sum
359,Asian Legend,418 Dundas Street W,Dim Sum
360,Stout Irish Pub,221 Carlton Street,Pubs; Irish
361,The Good Son,1096 Queen Street W,Pizza; Cocktail Bars
362,Communists Daughter,1149 Dundas Street W,Bars
363,Chino Locos Original,4 Greenwood Avenue,Mexican
364,Cibo Wine Bar,522 King Street W,Wine Bars; Italian
365,Smokes Poutinerie,218 Adelaide Street W,Fast Food; Poutineries
366,Frans Restaurant,20 College Street,Diners; Breakfast & Brunch; American (Traditional)
367,Thai Country Kitchen,412 Spadina Ave,Thai; Noodles
368,Utsav,69 Yorkville Ave,Food Delivery Services; Indian
369,Fahrenheit Coffee,529 Richmond Street W,Coffee & Tea
370,Versus Coffee,70 Adelaide Street E,Coffee & Tea
371,Tilt Arcade Bar,824 Dundas Street West,Arcades; Bars
372,Pho Hung,350 Spadina Avenue,Vietnamese
373,Bar Sybanne,229 Ossington Avenue,Mediterranean; Moroccan; Middle Eastern
374,Northwood,815 W Bloor Street,Cafes; Cocktail Bars
375,Doomies Toronto,1346 Queen St W,Vegan; Vegetarian
376,Pearl Harbourfront Chinese Cuisine,207 Queens Quay W,Dim Sum; Seafood; Noodles
377,Death in Venice Gelato,1418 Dundas West,Ice Cream & Frozen Yogurt
378,Istanbul Cafe & Espresso Bar,174 Eglinton Avenue E,Coffee & Tea; Turkish; Internet Cafes
379,Ruths Chris Steak House,145 Richmond Street W,Steakhouses; Seafood; Lounges
380,Fieramosca,36A Prince Arthur Avenue,Italian
381,Suite 114,116 Dundas Street W,Cocktail Bars
382,O.Noir,620 Church St,Canadian (New)
383,The Lakeview,1132 Dundas Street W,Diners; Canadian (New)
384,Poutinis House of Poutine,1112 Queen Street W,Fast Food; Poutineries
385,Madras Masala,796 Bloor Street W,Indian
386,Formocha,55 Eglinton Avenue E,Coffee & Tea
387,W Burger Bar,10 College Street,Burgers; Breakfast & Brunch; Bars
388,Carmen,922 Queen Street W,Spanish
389,Tango Palace Coffee Company,1156 Queen Street E,Coffee & Tea
390,When The Pig Came Home,3035 Dundas Street W,Delicatessen; Sandwiches
391,Dutch Dreams,36 Vaughan Road,Ice Cream & Frozen Yogurt
392,Sam James Coffee Bar,150 King Street W,Coffee & Tea
393,The Keg Steakhouse & Bar,560 King Street W,Steakhouses; Bars
394,Dimmi Bar & Trattoria,140 Cumberland St,Italian; Venues & Event Spaces
395,Forget Me Not Cafe,883 Wilson Avenue,Vietnamese
396,Bindia Indian Bistro,16 Market Street,Indian
397,Barsa Taberna,26 Market Street,Tapas Bars
398,The Oxley,121 Yorkville Avenue,Gastropubs
399,To-ne Sushi,414 Queen Street W,Japanese; Sushi Bars; Asian Fusion
400,Nathan Phillips Square,100 Queen Street W,Landmarks & Historical Buildings
401,Carbonic Coffee,37 Baldwin Street,Coffee & Tea; Coffee Roasteries; Cafes
402,Medieval Times Toronto,10 Dufferin Street,Dinner Theater; American (Traditional)
403,Blu Ristorante,17 Yorkville Ave,Italian; Lounges
404,Chabrol Restaurant,90 Yorkville Avenue,French
405,Mr Pide,800 Danforth Avenue,Pizza; Turkish
406,Burrito Bandidos,2 Grosvenor Street,Mexican
407,Hot-Star,374A Yonge Street,Chicken Wings; Taiwanese; Fast Food
408,Tokyo Sushi,33 St Joseph Street,Sushi Bars; Japanese
409,The Tilted Dog Pub & Kitchen,424 Parliament Street,Sandwiches; Pubs
410,Gyugyuya,177 Dundas Street W,Japanese; Fast Food
411,KINTON RAMEN,402 Queen St W,Ramen
412,Koyoi Restaurant & Bar,2 Irwin Avenue,Japanese; Bars
413,Rolltation,2291 Yonge Street,Sushi Bars; Asian Fusion; Poke
414,Omai Restaurant,3 Baldwin Street,Japanese
415,Kupfert & Kim,100 King Street West,Vegetarian; Vegan; Gluten-Free
416,Lake Inez,1471 Gerrard Street E,Bars; Asian Fusion
417,The Keg Steakhouse + Bar - Esplanade,26 The Esplanade,Steakhouses; Bars; Seafood
418,Nami Restaurant,55 Adelaide Street E,Japanese; Seafood
419,La Chilaca Taqueria,214 Augusta Avenue,Mexican
420,Olive + Lemon,3604 Major MacKenzie Dr W,Italian; Seafood; Pizza
421,Napoli Centrale,964 Bathurst Street,Italian; Pizza
422,Fuwa Fuwa Japanese Pancakes,2471 Yonge Street,Desserts; Patisserie/Cake Shop; Bakeries
423,The Burgers Priest,3397 Yonge Street,Burgers
424,Sheherzade Persian Grill And Dizi,422 College St W,Persian/Iranian
425,Weslodge Bar & Grill,480 King Street W,Canadian (New); Cocktail Bars
426,One Love Vegetarian,854 Bathurst Street,Caribbean; Vegetarian
427,Sake Bar Kushi,257 Eglinton Avenue W,Japanese; Sushi Bars; Tapas Bars
428,JINYA Ramen Bar,399 Church Street,Ramen
429,Bazara Asian Cuisine,188 Ossington Avenue,Asian Fusion; Sushi Bars
430,Cinco Mexican Restaurant,131 Roncesvalles Ave,Mexican
431,Uncle Tetsus Japanese Angel Cafe,191 Dundas Street W,Desserts; Patisserie/Cake Shop
432,illstyl3 Sammies,300 Richmond Street W,Cheesesteaks; Sandwiches
433,Figs and Olives Kitchen,24 Wellesley Street W,Mediterranean; Middle Eastern; Halal
434,Simit & Chai,787 King Street W,Coffee & Tea; Sandwiches; Bakeries
435,Mi Taco Taqueria,247 Queen Street W,Mexican
436,Tastys Caribbean Restaurant,405 Spadina Avenue,Caribbean
437,Venezia Bakery,114 Ossington Avenue,Bakeries; Delis
438,Kupfert & Kim,140 Spadina Avenue.,Gluten-Free; Vegetarian; Vegan
439,Mortons The Steakhouse,4 Avenue Road,Steakhouses
440,Tre Mari Bakery,1311 Saint Clair Avenue W,Bakeries; Italian; Delicatessen
441,Panda Express,80 Weston Rd,Chinese
442,Stelvio,791 Dundas Street W,Italian
443,Rialto Espresso Bar,266 Adelaide Street W,Coffee & Tea; Bakeries
444,El Almacen Yerba Mate Café,1078 Queen Street W,Coffee & Tea
445,Fresh on Eglinton,90 Eglinton Avenue E,Vegan; Salad; Juice Bars & Smoothies
446,Jin Dal Lae,647 Bloor Street W,Korean
447,R&D Restaurant,241 Spadina Avenue,Asian Fusion; Chinese
448,Naan & Kabob,691 Yonge Street,Afghan; Kebab
449,Smith,553 Church Street,Breakfast & Brunch; Canadian (New); Bars
450,Tiger Sugar,348A Yonge Street,Bubble Tea
451,Touhenboku Ramen Restaurant,261 Queen Street W,Ramen; Desserts
452,Niuda Hand-Pulled Noodles,204 Queen St W,Chinese; Noodles
453,Sansotei Ramen,115 Fort York Boulevard,Ramen
454,Cacao 70,28 Gristmill Lane,Breakfast & Brunch; Chocolatiers & Shops
455,Millie Patisserie & Creamery,12 Oxley Street,Desserts; Bakeries; Ice Cream & Frozen Yogurt
456,Patisserie 27,401 Jane Street,Bakeries
457,Gladstone Hotel,1214 Queen Street W,Hotels; Lounges
458,Eggstatic,1568 bayview avenue,Breakfast & Brunch
459,Pig Out BBQ,650 Spadina Avenue,Barbeque; American (Traditional); Sandwiches
460,Golden Thai Restaurant,105 Church Street,Thai
461,Scaddabush Italian Kitchen & Bar,200 Front Street W.,Italian
462,Mayrik,1580 Bayview Avenue,Middle Eastern; Mediterranean
463,Cherry Street Bar-B-Que,275 Cherry Street,Barbeque
464,Little Piggys - Authentic Korean BBQ,469 Bloor St W,Korean; Barbeque
465,Pizzeria Libretto,545 King Street W,Pizza; Italian
466,Bar + Karaoke Lounge,360 Yonge Street,Karaoke; Bars
467,Umami Poke,1252 Yonge Street,Hawaiian; Seafood; Poke
468,Chipotle Mexican Grill,323 Yonge St,Mexican; Fast Food
469,Bloomers,873 Bloor Street W,Bakeries; Cafes; Vegan
470,Daan Go Pastry Lab,202 Baldwin street,Macarons; Desserts; Bakeries
471,Little Sister,2031 Yonge Street,Indonesian; Bars
472,Moliceiro Restaurant,217 Ossington Avenue,Portuguese
473,Il Ponte Cucina Italiana,625 Queen Street E,Italian
474,Ajisen Ramen,332 Spadina Avenue,Ramen
475,Fushimi,491 Church Street,Japanese; Sushi Bars
476,Film Cafe by Eative,230 Augusta Avenue,Breakfast & Brunch; Coffee & Tea; Japanese
477,Hong Kong Bistro Cafe,472 Dundas Street W,Chinese; Cafes
478,The Cloak Bar,488 Wellington Street W,Cocktail Bars
479,Over Easy Restaurant,56 Yonge Street,Breakfast & Brunch
480,Crêpes à GoGo Spadina,750 Spadina Avenue,French; Cafes
481,Taverna Mercatto,120 Bremner Boulevard,Italian
482,Paramount Middle Eastern Kitchen,253 Yonge Street,Middle Eastern
483,Brick Street Bakery,27 Trinity Street,Bakeries
484,John & Sons Oyster House,56 Temperance Street,Seafood
485,Pizza-Pide,949 Gerrard Street E,Pizza; Turkish
486,Old School,800 Dundas Street W,Breakfast & Brunch; American (Traditional)
487,Drake One Fifty,150 York Street,Cocktail Bars; Breakfast & Brunch; American (Traditional)
488,iQ,181 Bay Street,Coffee & Tea; Juice Bars & Smoothies; Health Markets
489,Nugateau Patisserie,717 Queen Street W,Bakeries; Desserts
490,Soco Kitchen and Bar,75 Lower Simcoe Street,Bars; Canadian (New)
491,Parka Food Co,424 Queen Street W,Comfort Food; Vegan; Burgers
492,Craigs Cookies,1537 Queen Street W,Desserts
493,Shoushin,3328 Yonge Street,Japanese; Sushi Bars
494,Union Social Eatery,21 Saint Clair Avenue W,American (Traditional); Canadian (New)
495,Baddies,679 Lansdowne Avenue,Coffee & Tea; Breakfast & Brunch; Cafes
496,La Société,131 Bloor Street W,French
497,Uncle Mikeys,1597 Dundas Street W,Korean
498,Black Cat Espresso Bar,1104 College Street,Coffee & Tea; Sandwiches; Ice Cream & Frozen Yogurt
499,Oretta,633 King Street W,Italian; Bars
500,Rooster Coffee House,568 Jarvis Street,Coffee & Tea
501,Café Pamenar,307 Augusta Avenue,Coffee & Tea
502,La Palma,849 Dundas Street W,Italian
503,CC Lounge & Whisky Bar,45 Front Street E,Lounges; Cocktail Bars; Whiskey Bars
504,Danforth Pizza House,920 Danforth Avenue,Pizza
505,Fusaros,294 Richmond Street E,Italian; Pizza
506,Ki Modern Japanese + Bar,181 Bay Street,Japanese; Sushi Bars
507,The Captains Boil,476 Yonge St,Seafood; Cajun/Creole; Asian Fusion
508,Omg Oh My Gyro,155 John Street,Halal; Falafel; Fast Food
509,Mallo,785 Bathurst Street,Coffee & Tea; Sandwiches
510,Donatello Restaurant,37 Elm Street,Italian; Seafood
511,Isabellas Boutique Restaurant,2066 Queen St East,Japanese; Breakfast & Brunch; Desserts
512,Shangrila Tibetan & Asian Cuisine,1600 Queen Street W,Himalayan/Nepalese; Asian Fusion; Diners
513,Kawa Sushi,451 Church Street,Sushi Bars; Japanese
514,Roll & Roll by JC Mart,136 Simcoe Street,Sushi Bars
515,Que Ling Restaurant,248 Boulton Avenue,Vietnamese
516,The Green Wood,1402 Queen Street E,Breakfast & Brunch
517,Echo Sushi,2036 Yonge Street,Sushi Bars; Japanese
518,The Bata Shoe Museum,327 Bloor Street W,Museums
519,Snakes & Lattes College,489 College Street,Bars; Cafes; Tabletop Games
520,Athens Restaurant,707 Danforth Avenue,Greek
521,La Cubana,392 Roncesvalles Avenue,Cuban
522,Demen Bistro,500 Queen Street W,Vietnamese; Bars
523,The Olde Yorke,96 Laird Drive,Seafood; Fish & Chips; British
524,Bolets Burrito,134 Lower Sherbourne,Mexican
525,MZaar Restaurant,668 Yonge Street,Lebanese; Mediterranean
526,Marche Muvbox,181 Bay Street,Salad
527,El Furniture Warehouse - Bloor St,410 Bloor St West,American (Traditional); Bars; Comfort Food
528,Reds Midtown Tavern,382 Yonge Street,Wine Bars; Venues & Event Spaces; Argentine
529,Biffs Bistro,4 Front Street E,French
530,Rosalinda,133 Richmond Street W,Mexican; Vegan
531,Pablo Cheesetart Canada,114 Dundas St W,Desserts
532,Opus Restaurant,37 Prince Arthur Avenue,Wine Bars; Modern European
533,SPIN Toronto,461 King St W,Cocktail Bars; Sports Clubs; American (Traditional)
534,BeaverTails,145 Queen's Quay W,Desserts; Fast Food
535,Famoso Neapolitan,386 Bloor Street W,Pizza
536,Figo,295 Adelaide St W,Italian
537,The County General,936 Queen Street W,Bars; Canadian (New); Breakfast & Brunch
538,P.J. OBrien Irish Pub and Restaurant,39 Colborne St,Pubs
539,Lee Chen Asian Bistro,813 Yonge Street,Dim Sum; Asian Fusion; Wine Bars
540,Queen St Warehouse,232 Queen St,Bars; Comfort Food; American (Traditional)
541,The Blake House,449 Jarvis Street,Pubs
542,Cold Tea,60 Kensington Avenue,Bars
543,Fresh on Crawford,894 Queen Street W,Vegan; Juice Bars & Smoothies; Burgers
544,Kings Café,192 Augusta Avenue,Chinese; Vegetarian
545,Emporium Latino,243 Augusta Ave,Latin American; Imported Food
546,Lao Thai Restaurant,4 Gladstone Avenue,Thai; Laotian
547,Ascari Enoteca,1111 Queen Street E,Italian; Bars
548,Ristorante Sotto Sotto,120 Avenue Road,Italian
549,Portici,6 Scollard Street,Italian; Pizza; Cafes
550,Hey Lucy,295 King St. W.,Pizza; Breakfast & Brunch
551,Peter Pan Bistro,373 Queen Street W,Canadian (New); Bistros
552,Square Boy,875 Danforth Avenue,Burgers; Greek
553,SU&BU,106 John St,Japanese; Poke
554,"Ay Caramba, Eh",65-3540 Rutherford Road,Latin American; Mexican
555,Falafel Plus,1065 Canadian Pl,Middle Eastern; Halal
556,Hogtown Vegan,382 College Street,Vegan
557,Golden Patty,187 Baldwin Street,Bakeries
558,Dark Horse Espresso Bar,630 Queen Street E,Coffee & Tea
559,Nobuya,285 Royal York Road,Japanese
560,Fune Japanese Restaurant,100 Simcoe Street,Japanese; Sushi Bars
561,Rikkochez,341 Danforth Avenue,Mediterranean; Middle Eastern
562,Sorry Coffee,102 Bloor Street W,Coffee & Tea
563,Douce France,820 Danforth Avenue,Chocolatiers & Shops; French
564,Hacienda las Américas,424 College Street,Mexican
565,Yueh Tung Restaurant,126 Elizabeth Street,Hakka; Breakfast & Brunch
566,Espinas Restaurant,6080 Yonge St.,Mediterranean; Middle Eastern; Persian/Iranian
567,Espinas Restaurant,6080 Yonge St.,Mediterranean; Persian/Iranian; Middle Eastern
568,Mi Mi Restaurant,688 Gerrard Street E,Vietnamese
569,Imonay House Restaurant,665 Bloor Street W,Korean
570,Hapa Toronto,602 College Street,Japanese
571,Giulietta,972 College Street W,Italian
572,Paldo Gangsan,694 Bloor Street W,Korean
573,Local 1794,1794 Danforth Avenue,Canadian (New); Gastropubs
574,Mermaid Fish and Grill House,44 St Clair Avenue E,Seafood; Fish & Chips; Mediterranean
575,7 Numbers Restaurant,516 Eglinton Avenue W,Italian
576,Wallace Espresso,188 Wallace Avenue,Coffee & Tea; Cafes
577,ONO Poké Bar,100 Western Battery Road,Hawaiian; Sushi Bars; Poke
578,Her Chef,599 Bloor Street W,Asian Fusion; Poke; Chicken Shop
579,Isaan Der,2961 Dundas Street W,Thai
580,Yorkville Crepes,18 Yorkville Avenue,Creperies; Cafes; Desserts
581,The Walton,607 College Street,Cocktail Bars
582,Noodle King,123 Queen Street W,Chinese; Noodles
583,Manic Coffee,426 College St,Coffee & Tea
584,Page One,106 Mutual Street,Cafes; Bars; Venues & Event Spaces
585,Five Doors North,2088 Yonge Street,Italian
586,Daddyos Pasta & Salads,673 Spadina Avenue,Italian
587,Imanishi Japanese Kitchen,1330 Dundas Street W,Japanese
588,Chiado,864 College Street,Seafood; Portuguese
589,9 Bars,46 St. Clair Avenue E,Cafes; Sandwiches; Desserts
590,Akai Sushi,168 Major Street,Japanese; Sushi Bars
591,Crown & Dragon Pub,890 Yonge Street,Pubs
592,Storm Crow Manor,580 Church Street,Bars
593,Library Bar,100 Front Street W,Lounges; Canadian (New); Diners
594,Cafe de Melbourne,193 Church Street,Coffee & Tea
595,Bampot House of Tea & Board Games,201 Harbord Street,Tea Rooms; Vegetarian
596,RH Toronto Courtyard Café,Located in Yorkdale Shopping Centre,Breakfast & Brunch; Salad
597,Rise & Dine Eatery,2714 St. Clair Avenue E,Breakfast & Brunch
598,Saffron Spice Kitchen,459 Queen Street W,Indian; Soup; Sandwiches
599,Baro,485 King Street W,Cocktail Bars; Chicken Wings; Latin American
600,Pho Rua Vang Golden Turtle,125 Ossington Avenue,Vietnamese
601,The Old Spaghetti Factory,54 The Esplanade,Italian
602,Korean Grill House,214 Queen Street W,Korean
603,Red Rocket Coffee,1364 Danforth Avenue,Desserts; Coffee & Tea
604,Mustafa Turkish Pizza,866 Wilson Avenue,Turkish
605,Bunners Bakeshop,244 Augusta Avenue,Bakeries; Vegan; Gluten-Free
606,Flaming Stove,21 Davisville Avenue,Middle Eastern; Diners; Breakfast & Brunch
607,Sea Witch Fish and Chips,636 Saint Clair Avenue W,Fish & Chips
608,Gryfes Bagel Bakery,3421 Bathurst Street,Bagels
609,Rendez-Vous,1408 Danforth Avenue,Ethiopian
610,Caffino Ristorante,1185 King Street W,Italian
611,Mr.Tonkatsu,548 Yonge Street,Japanese; Korean
612,Udupi Palace,1460 Gerrard Street E,Indian; Vegetarian; Gluten-Free
613,Jzs Pizza,232 Wellington Street W,Pizza; Italian
614,Basil Box,441 Queen Street W,Vietnamese; Thai; Gluten-Free
615,DAVIDsTEA,278A Queen Street W,Tea Rooms
616,Kalendar,546 College Street,Italian; Breakfast & Brunch; French
617,Ufficio,1214 Dundas Street W,Seafood; Vegetarian; Cocktail Bars
618,Dönerland,217 Roncesvalles Avenue,Halal; Mediterranean; Kebab
619,Ravi Soups,1128 Queen Street W,Soup
620,Hailed Coffee,801 Gerrard Street E,Coffee & Tea; Desserts
621,Hollywood Gelato,1640 Bayview Avenue,Ice Cream & Frozen Yogurt
622,Jump Restaurant,18 Wellington Street W,Canadian (New); Wine Bars
623,Knuckle Sandwich,969 Coxwell Avenue,Poutineries; Sandwiches
624,Harvest Kitchen,124 Harbord Street,Canadian (New); Bars
625,Sunny Morning,1392 Yonge Street,Breakfast & Brunch
626,Labothéry,717 Bay Street,Bubble Tea
627,Get Well,1181 Dundas Street W,Dive Bars
628,Playa Cabana Cantina,2883 Dundas Street W,Mexican
629,El Pocho Antojitos Bar,2 Follis Avenue,Bars; Breakfast & Brunch; Mexican
630,Té,70 Ossington Avenue,Asian Fusion; Taiwanese; Korean
631,Pray Tell,838 College Street,Cocktail Bars; Tapas/Small Plates; Breakfast & Brunch
632,Barista & Chef,1006 Saint Clair Avenue W,Mediterranean
633,Cauldron Ice Cream,502 Queen Street W,Ice Cream & Frozen Yogurt
634,Pancers Original Deli,3856 Bathurst Street,Delis
635,Aziza Cafe,870 College Street,Coffee & Tea; Juice Bars & Smoothies; Breakfast & Brunch
636,Aroma Fine Indian Cuisine,287 King St W,Indian
637,DonDon Izakaya,130 Dundas Street West,Japanese; Tapas Bars
638,Pravda Vodka Bar,44 Wellington St E,Lounges; Russian
639,Ritz Caribbean Foods,450 Yonge Street,Caribbean
640,Lick It Gelato,250 Queens Quay W,Desserts; Ice Cream & Frozen Yogurt
641,Handlebar,159 Augusta Avenue,Bars; Dance Clubs; Music Venues
642,Ethiopian House Restaurant,4 Irwin Avenue,Ethiopian
643,Cool Runnings Restaurant,146 Main Street,Caribbean
644,Kasa Moto,115 Yorkville Avenue,Japanese; Sushi Bars
645,Zuki Japanese Restaurant,2030 Eglinton Avenue W,Japanese; Sushi Bars
646,The Danish Pastry House,65 Front Street W,Bakeries; Patisserie/Cake Shop
647,Souv Like,708 Pape Avenue,Greek
648,Bolan Thai Cuisine,709 Mount Pleasant Road,Thai; Desserts; Noodles
649,The Only Cafe,972 Danforth Avenue,Pubs
650,Leela Indian Food Bar,3108 Dundas Street W,Indian
651,La Diperie,372 Danforth Avenue,Ice Cream & Frozen Yogurt
652,Virtuous Pie,611 College Street,Pizza; Salad; Tapas/Small Plates
653,Nandos Flame Grilled Chicken,832 Bay St.,Portuguese; South African
654,Uncle Tetsus Japanese Bake,596 Bay Street,Desserts; Bakeries
655,Loch & Quay,390 Queens Quay W,Canadian (New); Lounges
656,Kid Lee,Located in First Canadian Place,Asian Fusion; Singaporean
657,Bunas Kitchen,388 Richmond Street W,Sandwiches; Salad
658,Sushi On Bloor,525 Bloor Street W,Sushi Bars
